SMILES,label
C[C@@H](c1ccc(Cl)cc1)N(C)C(=O)N[C@H]1CCNC12CCC2,22
Cc1cc[nH]c1C(=O)N(C)[C@H]1CCCN(CC[C@H](C)F)CC1,22
CC(=O)N[C@H]1CC[C@@H](CNC(=O)c2cccc(C)c2C)C1,21
O=C1NCC[C@H]1C(=O)N1CC[C@H](NCC(=O)N2CCC2)C1,21
CCc1nnsc1C(=O)NC[C@@H](O)CNCC(=O)N(C)C,21
Cc1n[nH]cc1C(=O)NCCN(C)C(=O)c1cnns1,20
Cc1cncc(NC(=O)c2ncc(Br)s2)c1,16
CC[C@H](C)C(=O)NC[C@]1(C)CCN(C(=O)c2ccc(C(C)C)cn2)C1,25
Cc1ccc(NC(=O)[C@H]2CCCN(C(=O)[C@H](N)CC(N)=O)C2)nc1,24
CCOc1cc(NC(=O)C[C@H]2CCCOC2)ccc1OC,21
C[C@H](Oc1cccc(F)c1)C(=O)[C@@H](C#N)C(=O)NC1CC1,21
N#CCN1CCn2ncc(CNC(=O)CNC(N)=O)c2C1,21
CCn1nc(C)c(C(=O)NCCN(C)Cc2nnnn2C)c1C,23
CC(C)N1CCOC[C@@H]1c1n[nH]c(CNC(=O)CNC(N)=O)n1,23
C=CCOCCNC(=O)N1CCC(c2ccc(C#N)cc2)CC1,23
C=CCN1C(=O)C(=O)N(CC(=O)NC[C@@]2(O)CCSC2)C1=O,22
CNC(=O)C1CN(C(=O)[C@@H]2CCS(=O)(=O)C2)C1,17
Cc1n[nH]cc1C(=O)N(C)C1CCN(C(=O)CS(C)(=O)=O)CC1,23
CN1CCN(C(=O)CCNC(=O)NCCN2CC[C@H](O)C2)CC1,23
CC(=O)NCC(=O)N1CC(O)(CNC(=O)[C@@H]2CCN(C(C)=O)C2)C1,24
O=C(c1nc[nH]n1)N1CCC[C@H]2CN(c3ncccn3)C[C@H]21,22
COC(=O)C1=C(C)O[C@@H](CN2CCN(C(=O)c3ccccn3)CC2)C1,25
C[C@@H](CO)CCCNC(=O)Cn1c(=O)n(C)c2ccccc21,22
O=C(c1nc[nH]n1)N1CC[C@@H](CNc2cnc3ccc(F)cc3n2)C1,25
CC[C@@H]1CC[C@@H](C(=O)NC[C@H](CC(C)C)N(C)C)O1,19
COC[C@H](O)CN(C)CCNC(=O)C[C@@H]1COC(=O)C1,20
CCN(CC)C[C@H](O)CN[C@H]1CCN(Cc2cccc(F)c2)C1,23
C[C@@H]1CCC[C@]1(C)C(=O)N1C[C@@H]2CC[C@H](C1)N2CC1CC1,21
CC[C@@H]1[C@@H](NC(=O)c2csc(C3CC3)n2)CCN1CC1CCC1,23
CC(C)CNC(=O)[C@H](C)OC(=O)[C@H](c1ccccc1)N(C)C,22
Cc1c(C#N)c(NC[C@@H](c2ccco2)N(C)C)nc2ccccc12,24
Cc1nn(C)c(F)c1C(=O)N1C[C@H](NC(=O)C2CCC2)C[C@@H]1C,23
CCC(=O)C(C)(C)CN1C[C@@H]2CN(Cc3cccnc3)C[C@H]2C1,23
CC(C)(C)OC[C@H](N)CC(=O)NCCC(=O)Nc1ccc(F)cc1,24
NC(=O)[C@@H]1CCCN(C(=O)C[S@@](=O)c2cc(Cl)ccc2F)C1,22
CN(C(=O)Cn1cccc(C(=O)O)c1=O)[C@@H]1COC[C@H]1O,21
CNC(=O)NCC(=O)N1C[C@@H](NC(=O)c2cnc3n2CCC3)[C@H](C)C1,25
C[C@H](CNc1nccn2nnnc12)NC(=O)[C@H]1CCCC2(CC2)C1,24
COc1cc(CC(=O)N2CCCC[C@H]2[C@@H]2CCCN2)ccc1O,23
COCC(=O)N(C)[C@H]1CCCN(C(=O)CCC2(C)CC2)CC1,22
CCN(C(=O)c1nonc1C)[C@H]1CCN(C(=O)[C@@H](C)c2ccco2)C1,25
CCCc1cc(C(=O)N2C[C@H](O)[C@H](NC(=O)c3cn[nH]c3)C2)no1,24
O=C(CN1CCOCC1)NCCCNC[C@@H](O)CC(F)(F)F,22
O=C(Cc1ccc2c(c1)CCO2)N1CC[C@@H]2CCCC[C@H]2C1,22
CCN(C[C@@H](C)OC)S(=O)(=O)c1cc(C)cc([N+](=O)[O-])c1C,22
Cc1cc(C(=O)N(C)C2CC(NC(=O)CC3(O)CCC3)C2)cc(C)n1,25
C[C@H](C(N)=O)N(C)[C@@H]1CCCN(C(=O)CN2CCOCC2=O)C1,23
O=C(CN1CCOCC1)NC[C@H]1CC[C@@H](NC(=O)c2cncnc2)C1,25
CN(CC1CCCC1)C(=O)C1(n2cccn2)CCNCC1,21
CC(=O)NCC(=O)N1CC[C@](C)(NC(=O)c2c(C)nn(C)c2C)C1,24
Cc1cc(C)n([C@H](C)C(=O)N2CCC[C@H]2CNCc2ocnc2C)n1,25
Cc1ccc(C)c(C(=O)NCC[C@@H]2CCN(CC[C@H]3CCOC3)C2)c1,25
CCO[C@@H](C)C(=O)N[C@H]1C[C@H](NC(=O)[C@H](C)CSC)C1,20
C[C@H](C(N)=O)N1C[C@H](O)[C@H](NC(=O)C#CC2CC2)C1,19
O=C(OCc1cncc(F)c1)c1ccc2c(c1)CCO2,20
CC[C@H](F)C(=O)NCCCNCc1ccc(C#N)cc1F,21
Cc1nnc([C@H](C)N2CCC3(CN(C(=O)[C@@H]4CC4(F)F)C3)C2)s1,23
C=CCN1CCC(NC(=O)/C=C\c2ccc(S(N)(=O)=O)cc2)CC1,24
Cc1noc(CN(C)C(=O)N[C@@H](C)c2cccs2)n1,19
COc1csc(C(=O)N2CC[C@@H]([C@H](C)NCCCF)C2)c1,21
CC[C@@H]1C[C@H]1C(=O)NC[C@H]1CN(CCCc2ccccc2C)CCO1,25
CNC(=O)NCC(=O)NCC[C@@H](C)NCc1cnn(C)n1,21
CC1(C)[C@H]2CC[C@@]1(C(=O)NCc1ccoc1)C(=O)C2,19
CC(C)n1cc2c(n1)[C@H](NC(=O)NCC[C@H](C)CCO)CCC2,23
NS(=O)(=O)c1cc(C(=O)NC[C@@H]2CCCN2)co1,18
CC[C@H](NC(=O)N[C@H]1CC[C@@H](CO)C1)[C@H]1CC1(C)C,19
O=C(Cc1cccc(F)c1F)NC1CC2(CC(NCCC3CC3)C2)C1,25
CNC(=O)CN1CC[C@H]([C@H]2CCCN(C(=O)C(N)=O)C2)C1,21
Cc1cccc([C@@H]2CCCN2S(=O)(=O)C2CCCC2)c1,20
O=C(CN[C@@H]1CCCN(C(=O)C[C@H]2COC(=O)C2)C1)NC1CC1,23
COCCCCCN1CCN(C(=O)[C@H]2[C@H]3c4ccccc4C[C@H]32)CC1,25
COC(=O)[C@@H]1CN(C(=O)C(=O)N2CCN[C@H](C)C2)CCO1,21
Cc1c(F)cccc1NC(=O)NCCC(=O)NC(C)C,20
CCc1oc(CNC[C@@](C)(CO)c2ccccc2)cc1C(=O)OC,24
Cc1ncoc1CNC(=O)Nc1cccc(Cl)c1,18
CN(Cc1nc(O)n[nH]1)C[C@H]1CCN(C(=O)[C@@H]2CC23CC3)C1,22
CC(C)C[C@@H](C)CC(=O)N[C@H]1CCOC(C)(C)C1,18
COc1cccc(CNC[C@@H](C)NC(=O)c2n[nH]cc2C)c1C,23
CC(C)=C(C)CC(=O)N1C[C@H](C)[C@H](CNC(=O)C(N)=O)C1,21
N#CC[C@H](CC(=O)N(C[C@@H]1CCOC1)C1CC1)c1ccccc1,23
CC(C)c1noc(Cc2ccc(NC(=O)[C@@H]3CCCNC3=O)cc2)n1,25
O=C(NC[C@H](F)C(=O)O)N[C@@H]1CCc2cc(F)c(F)c(F)c21,22
COCc1cccc(-c2nc(N3CCOCC3)c3ccsc3n2)c1,24
CN1CCN(C(=O)C(=O)N[C@H]2CCNC2)CC1=O,18
CC(=O)N1CCN(C[C@@]2(C)C[C@@H]2c2ccccc2)[C@H](C)C1,21
COc1ccc(CC(=O)NCCNCC(N)=O)nc1,19
CC(C)Cc1noc(CN2C[C@H]3C(NC(=O)[C@H](C)C#N)[C@@H]3C2)n1,23
CC(C)(C)OC(=O)N[C@H]1CCN(C(=O)c2ccc(O)cc2F)C1,23
CCn1ccc(CNC(=O)N2CCOCCN2)n1,18
C#CCN1CCO[C@@](C)(CNC(=O)c2sccc2COC)C1,22
CC[C@@H](C)Oc1cc(-c2noc(CCOCCOC)n2)ccn1,23
CCn1c(C)nnc1CNC[C@H]1[C@@H](C)CCCN1C(=O)c1ccco1,25
Cc1oncc1CN1CC[C@H]2CN(C(=O)c3ccccc3)CC[C@@H]21,24
C[C@H](NC(=O)c1coc(C(N)=O)c1)C(=O)OC(C)(C)C,20
C[C@H]1C[C@@H](CN2CC(NC(=O)c3ccc4nnn(C)c4c3)C2)CCO1,25
C[C@@H]1CCCN(Cc2nnc3n2CCCCC3)[C@H]1CCO,21
COCCN1CCC2(CC1)CN(C(=O)CC(C)(C)O)C[C@@H](C)O2,23
CO[C@H](CN)C(=O)N[C@H](CCC(C)C)c1ccc(Cl)cc1,21
CCn1nncc1CNC(=O)c1ccccc1-n1ccc(C2CC2)n1,25
CCC[C@@H](C)NC(=O)CN1CCCN(C(=O)Cn2nccc2C)CC1,25
CCCC(=O)NC[C@@H]1CN(C(=O)c2nnc(O)nc2O)C[C@H]1C,23
CCOC(=O)[C@H]1CCCN(CCCN2CCCCC2)C1,20
Cn1ncc(S(=O)(=O)NCC(=O)O)c1C(F)(F)F,18
COc1cc(CN2CCc3ccsc3C2)cc(OC)c1OC,22
CCO[C@H](C)c1noc(CN[C@H]2C[C@H](CNC(=O)c3ccoc3)C2)n1,25
CN(C)C(=O)CN1C[C@@H]2C[C@H](C1)CN2C(=O)[C@@H]1CN(C)C(=O)N1,23
CCCCNC(=O)[C@@H](C)N1CCN(C(=O)C2(CC(C)C)CC2)CC1,24
CCOc1ccc(-c2ccc(Cn3cncn3)cn2)cc1,21
CCOCC(=O)NC[C@@H](O)CN(C)C(=O)c1cnn[nH]1,20
O=C(Cc1cscn1)N1CCC[C@H]1CNCc1cccc(F)c1,23
N=c1ccc(C(=O)NCC[C@@H]2C[C@H]3C=C[C@H]2C3)c[nH]1,19
CCC(CC)CC(=O)NC[C@@H](NC(=O)c1conc1C)C1CC1,23
CC(C)C1CCC(NC(=O)NCCn2c(=O)oc3ccccc32)CC1,25
Cc1ccc(-c2ccn3cnc(C4CNC4)c3c2)c(C)n1,21
Cc1c[nH]nc1C(=O)N(Cc1ccccc1)[C@@H](C)C(=O)O,21
C=C(C)CN[C@H]1CCN(C(=O)CC(N)=O)C[C@@H]1CC,19
C=C[C@H](CC)CC(=O)NC[C@H]1CCC2(CN(C(=O)/C=C\C3CC3)C2)O1,25
COCCCC(=O)N1CC[C@H](C)[C@@H](CNc2ncc(F)cn2)C1,23
CCc1nc[nH]c1C(=O)N1CC[C@@H]2CCN(CCOC3CCC3)[C@@H]2C1,25
Cc1ccc(F)cc1S(=O)(=O)N[C@H]1CCO[C@H](CC(C)C)C1,22
CC(C(=O)N1CC(NC(=O)c2cc[nH]c2C2CC2)C1)=C1CCCC1,24
CC(C)CCN1C[C@@]2(C)CN(C(=O)C3CCC3)C[C@@]2(C)C1,21
CNS(=O)(=O)CCC(=O)OCc1nc(=O)n(C)[nH]1,18
CC[C@@H]1CCO[C@@H]1C(=O)NC[C@@H](CO)Nc1ccnc(C2CC2)n1,24
Cn1ccc(=O)c(C(=O)N2CC[C@@H](NC(=O)C[C@H]3COC(=O)C3)C2)c1,25
NC(=O)[C@@H]1CC[C@H](NCc2ccc(Br)cc2)C1,17
Cc1ccc(CN(C)C(=O)C(=O)NCCCN2CCCCC2)cc1C,25
C[C@H]1CN(C(=O)C(=O)N2CCN3CCOC[C@H]3C2)CCN1,21
CC[C@H]1CN(C)CCN1C(=O)Nc1c(C)ccc([N+](=O)[O-])c1C,23
O=C(CCn1cc(Cl)cn1)NC[C@H]1CCC2(CCC2)CO1,21
Cc1cc(C)cc(CN(C)C[C@H](C)NC(=O)COc2ccsc2)c1,24
Cc1ccc([C@H](C)NCCS(=O)(=O)N2CCCC2)c(C)n1,21
Cc1conc1C(=O)NCCc1cc(Cl)c2c(c1)OCCO2,22
CCC[C@H](C)C(=O)N[C@H]1CCN(C(=O)c2cc(C(N)=O)c[nH]2)C1,23
CC(=O)N[C@H](C)C(=O)N1C[C@@H]2CC[C@H](C1)N2C(=O)c1coc(C)c1,24
C[C@H](CCN[C@@H]1CCc2ccc(F)cc21)NC(=O)c1cnns1,23
Cn1ccc(C(=O)N2C[C@@H](O)[C@@H](CNC(=O)CCn3cnnn3)C2)n1,25
COCc1nn(C)cc1C(=O)N(C)C[C@H](O)CO,18
O=C(NCC1=CCCCC1)c1cccc(Cn2cccn2)c1,22
C=CCN1C[C@@]2(CCN(C[C@H]3CCCO3)C2)OCC1=O,20
O=C(N[C@@H]1CN(C(=O)c2cnsn2)C[C@H]1O)c1cncnc1,22
Cc1coc(C)c1C(=O)NC[C@H]1C[C@@H](NCC(C)C)C1,20
CC[C@H](C[C@H](C)CO)NCc1cc(C)c(C)cc1O,19
C[C@@H](O)CN[C@H](C)CCNC(=O)c1ccccc1,18
CC[C@@H](C)Oc1ccc(C(=O)NCc2ccnc(OC)c2)cc1,23
COc1cncc(NC(=O)NC2(CO)CCOCC2)n1,20
CC(=O)N1CC(C)(C)CC[C@@H]1CNC(=O)c1ccnc2c1ncn2C,25
COCCn1cc(NC(=O)CC2CCC(=O)CC2)cn1,20
Cn1nnc2c(C(=O)N[C@@H]3CC(=O)N(C4CNC4)C3)ccnc21,23
COC(=O)[C@@H]1CN(C)CCN1Cc1cccc(Cl)c1F,20
CC(C)N1CC2(CCN(Cc3cccc(F)c3)CC2)CC1=O,22
COC(=O)[C@@H]1C[C@@H](NC2(C#N)CCOCC2)CN1,18
CC[C@H]1C[C@@H](C(=O)N2CC(NC(=O)c3nnn(C)n3)C2)CC(=O)N1,24
NCC(=O)N[C@@H]1[C@H]2COC[C@@H]1CN(C(=O)c1cc3ncccn3n1)C2,25
CC[C@H](C(=O)N1Cc2ccccc2N(C)C[C@@H]1CC)[C@H](C)O,22
CN(C(=O)c1ccn(C)n1)C1CN(C(=O)Cn2nccn2)C1,22
COC(=O)CCCN1CCC(NC2CC3(CCC3)C2)CC1,21
Cc1nonc1C(=O)NC[C@H]1CN(C(=O)[C@@H]2CNC(=O)N2)CCO1,24
CO[C@@H]1CCCC[C@H]1NC(=O)Cc1ccc([S@](C)=O)cc1,21
CCc1nocc1CN(C)C[C@@H]1CCCN1C(=O)[C@@H]1C[C@H]1C1CC1,24
NC(=O)c1cccc(CSCC(=O)NCCCC2CCCCC2)c1,24
Cn1nncc1CN1C[C@@H](O)[C@@H](CNC(=O)c2nc[nH]n2)C1,22
CC[C@@H](CN1CCC[C@]2(CCN(C(=O)C(N)=O)C2)C1)OC,21
COC(=O)[C@@H]1C[C@H](O)CN1C[C@H](O)Cn1cccn1,19
Cc1ccnc(NCCN2C[C@@H](C)OC[C@H]2C)c1Cl,19
C[C@@H](CN(C)C(=O)c1cnn(C)n1)NCCC1CC1,19
C=CCCCN[C@@H](C)[C@H](C)NC(=O)c1cc2ccccc2n1C,23
COc1nc(C)ncc1C(=O)N[C@H]1CCN(C(=O)C(N)=O)[C@H]1C,23
Nc1nnc(CC(=O)NCCc2cccc(-c3ccccc3)c2)s1,24
CC(C)CC1(C(=O)N2CC[C@](O)(CNC(=O)C(N)=O)C2)CC1,22
Cc1ccc(C)c(C2=NO[C@@H](C(=O)NC3CC4(CO[C@@H](C)C4)C3)C2)c1,25
Cc1nn(C)cc1CC(=O)N1CC[C@H](NCC(=O)NC(N)=O)[C@@H]1C,24
CCO[C@@H]1CCCN(C(=O)NC[C@H]2CC[C@H](C)O2)C1,19
Cc1cc(C)nc(NC(=O)[C@H]2Cc3ccccc3S2)n1,20
CC1(C)COC(=O)[C@@H]1NC(=O)Nc1cc(Cl)c(F)c(Cl)c1,21
Cc1ccn(C[C@](C)(O)C(=O)N2CC([C@H](C)O)C2)c(=O)c1,21
COc1ccc([C@H](C)NC(=O)C[C@H](C)OC)cc1,18
CN1CCC[C@@H]1C(=O)NC[C@H]1C[C@@H](NC(=O)c2nnn(C)n2)C1,23
O=C(C1CC=CC1)N1CCC[C@@H](CNCc2nc(O)n[nH]2)C1,22
CC[C@H](NCCNC(=O)CCCN1C(=O)CNC1=O)C(N)=O,22
CO[C@H](C)CN1CCO[C@]2(CCN(C(=O)c3cccnn3)C2)C1,23
CCCN[C@H]1CCN(C(=O)c2ccc(CF)cc2)[C@@H](C)C1,21
C#C[C@H]1COCCN1C(=O)Nc1cc(C2CC2)ccn1,20
COCCN1C[C@@H](O)[C@@H](CNC(=O)c2ccc(C(N)=O)cn2)C1,23
CN(C[C@@H]1CCN1C[C@@H]1CCCCO1)C(=O)C1(C)CCCCC1,23
CC(=O)N[C@H]1[C@H]2C[C@H]1N(C(=O)CCn1cc[nH]c(=O)c1=O)C2,22
CC(C)CC(=O)N(C)CCN(C)Cc1ccc2c(c1)CCC2,22
Cc1cccc(OCC(=O)N[C@H](C)CNC(=O)CC2CCCC2)c1,24
CC[C@@H](C)c1nnc(N2CCC[C@@H](C(=O)NC)C2)n1CC(C)(C)O,24
C=CCC1(C(=O)NC[C@H]2CN(C(=O)[C@H]3CC34CCC4)CCO2)CCC1,25
CCS(=O)(=O)NCC(=O)N[C@H](C)c1cc(F)ccc1OC,21
CCc1cc(C(=O)N2C[C@@H]3CCN(C(=O)[C@@H]4CNC(=O)N4)[C@@H]3C2)n[nH]1,25
COc1ccc(C(=O)NC[C@H]2CCN(C(=O)CC3CCCC3)C2)cc1,25
CNC(=O)C1CCN(C(=O)Cc2ccccc2OC(C)C)CC1,23
CN1C(=O)[C@@]2(CCN(Cc3nccn3C)C2)c2ccccc21,22
C#CCNCc1cccc(N2CC[C@@H](NC(=O)[C@H](OC)C3CC3)C2)n1,25
O=C(c1cccc(C(F)F)c1)N(CC(F)F)C1CC1,19
CCN(C)[C@H]1CCN(C(=O)CCN2CCCC2=O)C1,19
CCN(C(=O)c1ccc(C(F)(F)F)c(F)c1)C(C)(C)C(=O)O,22
CCC(C)(C)C(=O)N1C[C@H](C)[C@H](NC(=O)COC)C1,19
CCCNC(=O)CN1C[C@@H]2CCCN(C(=O)c3cn(C)nc3C)[C@@H]2C1,25
O=C(CNC(=O)[C@@H]1CCCN1)N[C@H]1CCc2cc(Cl)ccc21,22
Cc1nc(N(C)C)nc(N2CC[C@H](CNC(=O)C[C@H](C)C3CC3)C2)n1,25
COC(=O)[C@]1(F)CCN(C(=O)[C@@H]2CCC(=O)NC2)C1,19
Cc1cc(CN)nn1-c1ccc(=O)n(CC(F)(F)F)c1,20
CNC(=O)NCC(=O)NC[C@H](C)NC(=O)COc1ccc(C)cc1,24
CC(C)NC(=O)CN1CCN(C(=O)COCCN)CC1,20
Cc1c(CC(=O)N2CCN(C(=O)[C@H]3CN(C)C(=O)N3)CC2)cnn1C,25
CC[C@@](COC)(NC(=O)[C@@H](C)n1nnc(-c2ccccc2)n1)C(=O)O,25
CCc1nc(C(=O)NC2CN(C(=O)c3nccn4ccnc34)C2)co1,25
C=CCN(Cc1cccc(C#N)c1)Cc1ncc(CC)o1,21
Cc1cc(C(=O)NC[C@H]2CC[C@@H](NC(=O)[C@H]3CC3(C)C)C2)on1,23
CO[C@H](CNC(=O)NC[C@@H]1CC1(C)C)CC(C)C,18
NC(=O)c1cccc(C(=O)Nc2ccc3c(c2)CCC(=O)N3)c1,23
C[C@H](NC(=O)C(N)=O)[C@@H]1CCN(C(=O)c2n[nH]c3c2CCC3)C1,23
CC(C)CC(=O)N1CC(NC(=O)[C@H]2CCc3nnc(O)n3C2)C1,23
Cc1ccc(C(=O)N[C@H]2CCCN(C(=O)[C@H](C)c3ccsc3)C2)o1,24
CCN1CC[C@@H](NCCCNC(=O)C2CS(=O)(=O)C2)C1=O,21
C[C@H]1CCC[C@@H](C)CN1C(=O)N=c1nc(C(C)(C)C)[nH]s1,21
C#CCCCCCC(=O)N[C@H](C)C[C@H](C)NCc1ccc(CO)cc1,25
CN(CC(=O)N1CCC(NCC(N)=O)CC1)C(=O)C1CC1,21
CNC(=O)[C@@]1(C)CCN(C(=O)[C@@H]2CC(=O)N(CCOC)C2)C1,22
Cc1nc[nH]c1CC(=O)N1CCCN(Cc2ccn(C)n2)CC1,23
O=C(N[C@@H](CC(F)(F)F)C(=O)O)c1ccnc(O)c1,19
COC[C@@]1(C)CC(=O)N(CN(C)[C@H]2CCN(C)C2=O)C1,20
O=C(Cn1ncnn1)N1CC[C@@H](Nc2nccc(C(F)(F)F)n2)C1,24
COCCNC(=O)C1(NC(=O)Cn2cnc(-c3nn[nH]n3)n2)CC1,24
CN(C)c1ccnc(Cl)c1CN1CC[C@](O)(C(F)(F)F)C1,21
N#Cc1ccccc1CN1CCN[C@@]2(CCNC2)C1,19
CN(Cc1ccccc1O)C(=O)[C@H]1Cc2ccccc2CN1,22
CCN(CCNC(=O)CC(=O)NC)c1nc(O)c2cnn(C)c2n1,24
COc1cccc(C(=O)NCCN[C@@H](c2ccccc2)C(C)C)c1,24
CCC1(C(=O)OC[C@H]2CCN(C(=O)OC(C)(C)C)C2)CCC1,22
CC1(CC(=O)N[C@@H]2CN([C@H]3CCCNC3=O)C[C@H]2O)CCCCC1,24
CCCN(CCNC(=O)/C=C\c1ccco1)c1cncc(C#N)n1,24
Cc1nn(C(C)(C)C)cc1C(=O)N1CC[C@@H]2[C@@H]1[C@@H]2C(F)(F)F,22
C[C@@H]1[C@H](C(=O)N2CC(CNC(=O)[C@H]3C[C@H]3C(N)=O)C2)CCN1C,23
CO[C@H](C)C(=O)N1CCO[C@@H]2CN(CCOCCNC(C)=O)C[C@@H]21,24
COc1cc(CN2C[C@@H]3CCCN3C[C@@H]2C)cc(OC)c1,21
CCCC(=O)CN1C(=O)C(=O)N(Cc2ccccc2)C1=O,21
CC(=O)N(C)C[C@H]1CCN1C(=O)[C@H]1CCS(=O)(=O)N1,19
COC(=O)NCC(=O)N[C@@H]1CCCN(C(=O)[C@H]2CC23CC3)CC1,23
COCC(=O)N[C@H](C(=O)NCCn1cc(C(=O)OC)nn1)C(C)C,24
CCc1nc(CC(=O)NC2C[C@H](C)C[C@@H](C)C2)cs1,19
CCOC(=O)[C@]12C[C@H]1CCN2C(=O)[C@H]1CC[C@H](C(C)C)CC1,22
Cc1cc(C(=O)N2CC[C@@H](NC(=O)c3cc[nH]c3)C[C@@H]2C)nc(C)n1,25
CSC1CCN(c2ncnc3sc(C)cc23)CC1,18
O=C(OC[C@@H]1Cc2cc(F)ccc2O1)c1n[nH]c2c1CCCC2,23
CCOC(CSc1nnc(Cc2ccccc2)n1N)OCC,22
CSCC1(CC(=O)O[C@@H](C)C(=O)NCc2ccc(F)cc2)CC1,23
Cc1nonc1CNCCNC(=O)CO[C@@H](C)c1nccn1C,23
CS(=O)(=O)N1CCC(CC(=O)Nc2nnnn2C2CC2)CC1,22
CO[C@@H]1CN(CC(=O)N2CCC2)C[C@H]1NC(=O)[C@]1(C)CCC(=O)N1,24
CCOCC(=O)NC1(CNC(=O)[C@H]2C[C@H]2C(N)=O)CC1,20
COC(=O)c1ccccc1CCC(=O)N[C@@H](C#N)C(N)=O,21
CCN1C[C@H](C(=O)N(C)CCNC(=O)c2ccnn2C)CC1=O,23
Cc1ccn(C)c1C(=O)N1C[C@H](NC(=O)C(C)(C)C(C)(C)C)C[C@@H]1C,25
CCN(CC)C[C@H]1CCCC[C@@H]1NS(=O)(=O)c1ccc(C)o1,22
CC(C)CNC(=O)CN[C@@H]1CCCN(C(=O)C(=O)NCC(F)F)C1,24
NC(=O)NC(=O)CCCN[C@@H]1CCC(=O)N[C@H]1C1CC1,20
C[C@@H]1CN(C(=O)[C@@H]2CCCN2C(=O)CN)CCN1,18
Cc1ccc(C(=O)N2CCC[C@](C)(CNC(=O)C3(C)CCC3)C2)cn1,25
CCN1CCC[C@H](NC(=O)C(=O)NC[C@H](C)COC)C1=O,21
CN(C)c1ccc(C(=O)N2CCC[C@H](NC(=O)C(N)=O)CC2)nc1,24
CC(C)C[C@H](NC(=O)[C@]1(C)C[C@H](O)CN1)C(=O)OC(C)C,21
CCOC(=O)c1cc(C(=O)OCC(=O)N2CCCC2=O)[nH]c1C,23
CCCCN1CC2(C[C@@H](NC(=O)CC(=O)N(C)C)c3nccn32)C1,24
Cc1cc(CNC(=O)NC[C@@H](O)COCC(C)C)on1,20
COCCC(=O)N1CC[C@H]2[C@H]1CCCN2C(=O)c1cc(C)nn1C,24
CC[C@H](C)NC(=O)CCN[C@@H]1CCCOc2cc(C)c(C)cc21,23
CCCCCN[C@@H]1CCN(C(=O)CCc2cccs2)C1,20
Cc1cc(C)cc(OCC(=O)N[C@@H]2CCC[C@H]2CCO)c1,21
NC(=O)C1(C(=O)N2CC[C@H](NC(=O)[C@H]3CCCCO3)C2)CC1,22
COC(=O)[C@@H](c1ccc(F)cc1)N1CCC[C@](C)(C(=O)O)C1,22
CC(C)c1cc(C(=O)NCCC[S@@](C)=O)n[nH]1,17
CC(=O)NCC(=O)N1C[C@H](C)[C@H](NC(=O)CCN(C)C)C1,21
O=C(NC1CCN(CCCO)CC1)c1cnc2[nH]c(O)nc2c1,23
CC/C=C(\C)C(=O)N1CC(O)(CNC(=O)Cn2cc(Cl)cn2)C1,23
C[C@H]1C[C@@H](Nc2ccc3nnc(C4CC4)n3n2)CCO1,20
Cc1c[nH]c(C(=O)N2CC[C@@]3(CCN(C(=O)Cn4ncnn4)C3)C2)n1,25
Cc1ccc(S(=O)(=O)NN=C2CS[C@@H](C(C)C)C2)cc1,20
C=CCCN[C@@H]1CCN(C(=O)c2ccc3c(c2)NC(=O)CO3)C1,23
O=C(c1cccc2[nH]ccc12)N1CCC[C@@H](Nc2ncccn2)C1,24
COC[C@@H](Cc1ccccc1)N(C)C(=O)N[C@@H]1CCN(C)C1=O,23
CCc1ccc(CC)c(NC(=O)[C@@H]2CCCN(C)C2=O)c1,21
O=C(NC[C@]1(C(=O)O)CCOC1)C1(n2cnnn2)CC1,20
COCCCC(=O)N(CCO)CCNC(=O)C[C@@H](C)n1cccc1,24
COc1ccccc1OCCS(=O)(=O)CCCC(C)C,20
CNS(=O)(=O)N1CCC(C(=O)N[C@]23CCC[C@H]2C3)CC1,20
Cc1ccc(NCCN[C@@H]2CCCc3ccc(O)cc32)nc1,22
COC(=O)[C@H]1CCN1C(=O)CCCS(N)(=O)=O,17
CCn1nncc1C(=O)N(C)C[C@@H](O)CNC(=O)Cc1cnn(C)c1,25
O=C1CNC(=O)N1CCn1nnnc1N1C[C@H]2C[C@@H]2C1,20
C[C@H](Nc1cccc2c1CCO2)c1cccc(NS(C)(=O)=O)c1,23
C[C@H](NC(=O)c1n[nH]c2ccccc12)C(=O)OC[C@H]1CCCOC1,24
NC(=O)c1cccc(C(=O)Nc2ccc(OCC(=O)O)cc2)n1,23
O=C1C[C@@H](C(=O)N2CCN(C(=O)C3CC3)CC2)N1,18
CCC1(CNC(=O)c2ncoc2-c2ccc(OC)cc2)CCOCC1,25
NC(=O)NC(=O)CN[C@H]1CCCN(C(=O)CCc2nc[nH]n2)C1,23
CN(C)S(=O)(=O)CCCN1C(=O)N[C@@](C)(C2CCNCC2)C1=O,23
CCCN(CCNC(=O)[C@@H]1CC12CCC2)Cc1cnc(C)cn1,23
C[C@H](NC[C@H]1CCCN1C(=O)/C=C/C1CC1)c1ccccc1,22
COc1ccc(NC(=O)[C@H](C)N(C)[C@H]2[C@@H]3CNC[C@@H]32)cc1,21
CO[C@@H](c1ccccc1F)[C@H](C)NC(=O)c1cccs1,20
CC(C)Cn1ncnc1CS(=O)(=O)CCCC#N,18
Cn1c(CN2CCC[C@@H](CO)C2)nc2ccc(Br)cc21,20
CC(C)N1CCO[C@@H](C(=O)N2C[C@@H]3CCN(C(=O)C(N)=O)[C@@H]3C2)C1,24
Cn1ccnc1CCC(=O)NC[C@H]1C[C@H](NCC2CCCC2)C1,23
CC(C)N1CC[C@@H](NC(=O)c2ncc[nH]c2=O)[C@H](C)C1,20
O=C(NCC[C@H]1CCCN1c1ncccn1)C(=O)Nc1ccccc1,25
Cc1c(C#N)cccc1C(=O)O[C@@H](C)c1ccnn1C,20
Cc1c[nH]cc1C(=O)NC[C@H](NC(=O)C1=CCCC1)C1CC1,22
O=C([C@@H]1CNCCOC1)N1CC2(CCNCC2)[C@@H]2COC[C@H]21,22
CC[C@H](F)C(=O)NC[C@@H](O)CN=c1cc[nH]c(-c2nn[nH]n2)n1,23
Cn1nnc(Br)c1C(=O)N1CC[C@H](O)[C@@H](CO)C1,18
CSC1(CNCc2c[nH]nc2-c2ccc3c(c2)OCO3)CCC1,23
C[C@@H]1C[C@H](O)CN(C(=O)[C@@H]2CC[C@@H](c3ccccc3)C2)C1,21
O=C(N[C@H]1[C@@H]2CN(Cc3ncccn3)C[C@@H]21)[C@H]1C[C@]12CCOC2,23
O=C(N[C@H]1CC12CCOCC2)c1c(-n2cccc2)sc2c1CCC2,24
CCOC[C@H]1CN([C@@H]2CCCN(C3CCCC3)C2)Cc2nnn(C)c21,25
Cc1nc(CN[C@H](CNC(=O)Cn2ccccc2=O)C2CC2)n[nH]1,24
CCC(=O)N1CCCC[C@H]1CNC(=O)[C@H]1Cc2cccnc2C1,23
Cc1nc(CN[C@@H](CNC(=O)c2cccnc2)C(C)C)oc1C,23
CC1(C)C(C(=O)N[C@H]2[C@@H]3CN(C(=O)C=C4CCC4)C[C@@H]32)C1(C)C,23
Cc1ccc(C(=O)N2CCC[C@@](C)(CNC(=O)C3CCOCC3)C2)o1,25
NC(=O)C1=NO[C@H](CNC(=O)CCC(=O)N2CCOCC2)C1,22
Cc1cc(C)c(NS(=O)(=O)C[C@H](C)C(=O)O)c(C(=O)O)c1,21
Cc1cnc(-c2nc(CCC[S@@](C)=O)no2)c(C)c1,19
C[C@]1(C(=O)N2CCN(C(=O)c3cncnc3)CC2)CNC(=O)C1,23
CCN1CCCC[C@@H]1CNC(=O)[C@H]1CCCC2(CC2)C1,20
CC(C)CO[C@@H]1CCN(C(=O)NC[C@H]2COCCN2)C1,20
O=C(NC1CC1)[C@H]1CCCN1Cc1cnc2n1CCOC2,21
C[C@H]1CC[C@@H](CCC(=O)Nc2ccc(N3CCCC3=O)cc2)O1,23
COc1nc(C)cc(C)c1CNC(=O)N1CC[C@@]2(C(=O)O)CCC[C@@H]12,25
CCOCc1nnc(CN(C)C(=O)OCc2ccccc2)o1,22
CCCN[C@@H]1CCCCCN(C(=O)[C@H]2CCCN(C(C)=O)C2)C1,23
CCn1cc(CC(=O)NC[C@@H](CO)NC(=O)C#CC(C)(C)C)cn1,24
O=C(N[C@@H]1CN(C(=O)c2ccc(C3CC3)cn2)C[C@@H]1O)c1nc[nH]n1,25
CON1CCC(N(C)Cc2ccccc2OCCCCO)CC1,23
CC(C)CCc1ccc(S(=O)(=O)N[C@H](CO)C(C)C)cc1,21
COC(=O)[C@H](OCc1ncc(C)cc1C)c1cccc(F)c1,22
N[C@@H](CC(=O)O)C(=O)N1CC[C@@H](Cn2ccnn2)C1,19
Cc1cn2nc(NCCCOC(C)(C)C)sc2n1,18
CCC(C)(C)N(C)C(=O)[C@H]1CCCN(C(=O)COc2ccccc2)C1,25
C[C@@H](C(=O)N[C@H]1C[C@@H](NC(=O)[C@H]2CCC(=O)NC2)C1)C1CC1,22
CC(=O)N1CCN(C(=O)C(=O)Nc2cnn(C(F)F)c2)CC1,22
CSc1cccc(NC(=O)C(=O)NCCCCO)c1C,20
C[C@@H](N)CNC(=O)C(=O)N(C)CC1=CCCOC1,18
CCc1nnc(N2CCN(C3CC3)[C@@H](C#N)C2)n1CC1(SC)CC1,24
COCCN(Cc1cc(C)n(C)n1)[C@H](C)C(N)=O,18
C[C@H](C(=O)NCc1ncccc1N(C)C)c1cccs1,20
C[C@@]1(C(=O)NC[C@@H](O)CN=c2cc[nH]cc2C#N)CNC(=O)C1,23
C#CCCCC(=O)N1C[C@@H](NC(=O)c2c[nH]c(C#N)c2)[C@H](C)C1,23
O=C1C[C@@H](C(=O)N2CC[C@H](COC(F)F)C2)CN1,18
COC(=O)c1ccc(OC(=O)Cc2ccsc2)c(C(C)=O)c1,22
Cc1ccc(CC(=O)N2CC[C@@H]3OCCN(CCO)[C@H]3C2)cc1,23
Cc1cc(CC(=O)N[C@@H]2CN(CCCO)C[C@@H]2O)n(C)n1,21
CC1(F)CC(NC(=O)[C@@H]2CCCN(Cc3cccc(F)c3)C2)C1,23
Cc1cc(=O)c(C(=O)NCC2CN(CCC[C@H](C)O)C2)c[nH]1,22
CCc1nc[nH]c1C(=O)N1CC[C@@](O)(CNC(=O)c2cncn2C)C1,25
Cc1nc(C(=O)N[C@H]2C[C@H](NC(=O)[C@@H](C)n3cncn3)C2)co1,23
CC(=O)NCC(=O)NC[C@@H](O)CNC(=O)c1cn2nccc2nc1C,25
C[C@@]1(CNC(=O)c2ccncn2)CCN(C(=O)Cc2cc[nH]n2)C1,24
CCCCC[C@@](C)(CC)C(=O)NCCN[C@H]1CCNC1=O,21
COC[C@H](C)C(=O)N(C)CCNC(=O)Cn1ncn(C)c1=O,22
Cc1ccn(CC(=O)N2C[C@H](O)[C@H](NC(=O)Cn3cnnc3O)C2)n1,25
CCn1cnnc1CNc1nccc(C#N)c1Cl,18
CC(C)(CNC(=O)NC(CO)CO)N1CCOCC1,19
O=C(NCC1COC1)[C@H]1CC12CN(C(=O)c1cccnc1F)C2,23
COCCN1CC[C@@H]1CNC(=O)c1cc(C)nn1C,19
CCC(=O)N1CC[C@](O)(CNC(=O)Cc2cn(C)nc2C)C1,22
Cn1ncc(C(=O)N2[C@H]3CC[C@@H]2C[C@H]3NC(=O)Cn2cncn2)n1,24
CCO[C@@H](CCNC(=O)NCc1ccc(C)n(C)c1=O)C1CCCC1,25
C[C@@H]1C[C@H](NC(=O)C(=O)N2CCNC(=O)C2)CS1,18
Cc1nsc(C)c1C(=O)NC[C@H](CC(C)C)N(C)C,19
CCOC(=O)CCCNC[C@H](O)c1cccc([N+](=O)[O-])c1,21
CCC1(C(=O)N[C@@H](C)CCNC(=O)c2oc(C)cc2C)CCCC1,24
CNCCN(C)C(=O)C(=O)NCCOc1ncccc1F,21
CCCNC(=O)[C@@H]1CCCN(C(=O)[C@H](N)CC(N)=O)C1,20
CC1(C)CCC(NC[C@H]2CCCO[C@@H]2c2cn[nH]c2)CC1,21
O=C(CN1C(=O)CNC1=O)N1CC[C@H](NCCn2cncn2)C1,23
CN(C)c1ccc([C@H](N)CNC(=O)[C@@H]2CNCCO2)cc1,21
CCN(Cc1c(F)cccc1F)C(=O)[C@H](CN)C(C)C,20
CO[C@@H](C(=O)N[C@H]1CCCN(O)C1=O)c1cnn(C)c1,20
N#CCCn1ccc(NS(=O)(=O)CCc2ccccc2)n1,21
NC(=O)CN1CCC[C@@H](NC(=O)[C@@H](C(=O)O)C2CC2)C1,20
Cc1ccc([C@H](C)C(=O)NC[C@H]2CCCN2C(=O)CC2(O)CCC2)o1,25
CCO[C@@H]1C[C@@H]1NC(=O)C1(S(C)(=O)=O)CCOCC1,19
CC(C)(CC#N)CNC(=O)c1ccc(O)cc1F,18
Cn1nc(C(=O)N[C@@H]2CC23CCN(CC(N)=O)CC3)ccc1=O,23
C[C@@H](N[C@@H]1CCCN(C(=O)C(C2CC2)C2CC2)C1)C(=O)NC(C)(C)C,25
CC(C)CCCCC(=O)N[C@@]1(CO)CCCN(C(=O)C2CC2)C1,23
CC1(C)C(C(=O)N2CCCN(C(=O)CCCC3CC3)CC2)C1(C)C,24
C[C@@]1(C(=O)N2CCCC[C@H](NC(=O)C(N)=O)C2)CCC(=O)NC1,23
CCNC(=O)CN[C@@H](C)CNC(=O)c1cc(C(N)=O)c[nH]1,21
CC(=O)NCc1ccc(NC(=O)N[C@@H](C)CCO)cc1,20
Cc1cc(NCCCNC(=O)c2cc[nH]n2)ncn1,19
CCC(=O)NC[C@@H](C)N(C)C(=O)Cn1cnc(C(N)=O)n1,21
CNS(=O)(=O)CC(=O)N1CC[C@H](C(=O)O)C[C@@H]1C(=O)OC,21
CN(C)c1ncccc1C(=O)NC[C@@]1(C)CN(CCO)CCO1,23
C=CCOC[C@H](O)CN[C@H](C(=O)OC)c1ccccc1Cl,21
C[C@@H]1C[C@@H](NC(=O)C(=O)NCCNS(C)(=O)=O)CN1C1CC1,22
COc1cccnc1C1(C(=O)NCCC(=O)N2CCOCC2)CC1,24
Cc1ccc(C(=O)N[C@H]2CCCN(c3nccc(C)n3)CC2)cn1,24
CCS(=O)(=O)N[C@H](C)C(=O)N1CC[C@@H]2[C@@H](CCCN2C)C1,21
COC(=O)N1CCN(C(=O)C(=O)N2CCC[C@H](N)C2)CC1,21
O=C(NCCOCCF)c1ccnc2ccnn12,18
Cc1cccc(C(=O)NCCN(C)C(=O)[C@H]2COC(=O)N2)c1,22
CCCC(=O)NCCN(CC)C(=O)c1cc(C)n(CC2CC2)c1C,24
CCOC(=O)Cc1ncccc1-c1c(F)ccc(C)c1O,21
Cc1nc(C)n(CCN2CC[C@H](C)[C@@H](NC(=O)Cn3cnnn3)C2)n1,25
COC(=O)C[C@H](NC(=O)c1nc(Cl)cs1)C(=O)O,18
CCn1cc(COC(=O)c2ccccc2-c2nc(C)no2)cn1,23
CCOCC(=O)N1CCN(CCNC(=O)COC2CCCC2)CC1,24
Cn1nnc(C(=O)N2CC[C@H](NC(=O)[C@H]3C[C@H]3C(N)=O)C2)n1,22
NC(=O)CN[C@H]1CCC[C@@H](NC(=O)c2ccc(Br)o2)C1,20
C#Cc1cccc(N(C)C(=O)CNc2cccc(Cl)c2)c1,21
COCCN(CCC#N)S(=O)(=O)N[C@H]1CCO[C@@H]1C,19
Cc1cc(NC(=O)c2cc(C(C)C)on2)cc(C)c1O,20
CN1CCN(c2ccc3nc(-c4cccc(N)c4)[nH]c3c2)CC1,23
CN(CC1CCOCC1)C1CCN(C(=O)CC2CC(C)(C)C2)CC1,24
Cc1ccc(CN2C[C@@H]3C(NC(=O)Cc4ccc[nH]4)[C@H]3C2)cc1C,24
CC(C)(O)CCNC(=O)N[C@@H]1C[C@@H]2CCCCN2C1=O,20
COCCN(C)CCNC(=O)NC[C@@H]1CCCCN1,19
C=CC(C)(C)C(=O)N1CCCC[C@H]1CNC[C@H]1CCCCO1,22
CC[C@H](C)CC(=O)NC[C@H](C)CNC(=O)c1cc(C)c(C(N)=O)cn1,25
CCN1CCOC[C@H]1C(=O)NC[C@@H]1CCCN(c2nccc(C)n2)C1,25
COCCOCC(=O)N1CCO[C@H](CNC(=O)CN(C)C(C)=O)C1,24
CC(C)(C)OC(=O)N1C[C@@H]2C[C@H]3C[C@H]2[C@@H]1[C@H]3NCCN1CCC1,23
CCC(=O)N1CC[C@H]2CN(C(=O)[C@@H](CC)SC)C[C@H]21,19
NC(=O)[C@@H](Nc1ncnc2c1CCCC2)c1ccccc1,21
Cc1cnc2cc(-c3nc(C4CC(F)(F)C4)no3)ccn12,21
CNC(=O)NCc1cn(C[C@@](C)(O)C(F)F)nn1,18
C[C@@H](CCNC(=O)Cn1cnnn1)NCC[C@@H]1CCCO1,21
Cc1scc(C(=O)N[C@@H]2CN(C/C=C/Cl)C[C@@H]2O)c1C,20
O=C(N[C@@H]1CN(c2ncnc3[nH]cnc23)C[C@H]1O)C1CC(F)(F)C1,24
CO[C@H](C)CC(=O)N1C[C@@H](C)[C@H](CCNCc2ccsc2)C1,22
Cc1ccn(CC(=O)N[C@@H]2CN(C(=O)[C@H](O)C(C)C)C[C@H]2O)n1,23
CCCNC(=O)[C@H]1CCCN(C(=O)c2noc(C)n2)C1,20
CCOc1ccc(S(=O)(=O)N(C)[C@@H](C)C[S@@](C)=O)cn1,20
Cc1ccc2[nH]c(CNCCC3(CO)CC3)cc2c1C,20
COc1ccc(F)cc1CC(=O)NCC1(NCc2ccon2)CCC1,25
O=C1C[C@@H](C(=O)N2CCN(C(=O)c3c(F)cccc3F)CC2)N1,23
CCc1cnc(CNC(=O)[C@H](CC(C)C)NC(=O)C(C)(C)C)o1,23
COCCC(=O)N1C[C@@H](NC(=O)COC(C)C)[C@H](OC)C1,21
CN1CCCC[C@H](COC(=O)[C@@H]2CCCN2Cc2ccccc2)C1=O,25
CC(C)OCC(=O)N[C@H]1CCN(Cc2nncn2C)C1,20
CC1=CCCN(C(=O)CCCC(=O)NC(C)C)C1,18
O=C(N[C@@H]1C[C@@H]1c1cccc(F)c1)[C@H]1[C@H](C(F)(F)F)[C@H]2CC[C@H]1O2,24
COc1ccc(CCNC(=O)N[C@H]2CN(C3CC3)C[C@H]2C)cc1O,24
C[C@]1(C(=O)N[C@H]2C[C@@H](Nc3nc(C#N)c(Cl)s3)C2)C=CCC1,22
N#C[C@@H]1CN(C(=O)C(=O)N[C@@H]2CCO[C@]3(CCSC3)C2)CCO1,23
C[C@H]1OCC[C@@H]1C(=O)NC1CN(CCC2CCCC2)C1,20
Cc1nccnc1CN[C@@H]1CCO[C@H]1c1ccnn1CC1CC1,23
CCCNCC[C@@H]1CN(C(=O)c2ccc(CF)cc2)C[C@H]1C,22
CN1CCCC[C@H](CNC(=O)c2cnn(-c3ccc(F)cc3)c2)C1,24
Cc1ccc(CN2C[C@H](c3nc(-c4nccn4C)no3)CC2=O)cc1,25
Cc1cc2cc(C(=O)N[C@H](C)CNc3ccc(C#N)nn3)oc2cc1C,26
C[C@@H](CNC(=O)Cn1nc(C(F)(F)F)c2c1CCCC2)CN(C)C,24
NC(=O)c1cc(NC(=O)[C@@H]2CC[C@H]3CCCCN23)ccc1Cl,22
CCOc1cc(Nc2ccc3ncnn3c2)ccn1,19
CC(F)(F)CC(=O)NC[C@H](O)CNC(=O)[C@H]1C[C@H]1C(N)=O,21
CC(C)=C(F)C(=O)N1CCC[C@H]1CN(C)[C@@H](C)c1nnnn1C,23
C=C(Cl)CN1CCO[C@H](CNC(=O)C[C@H](NC(C)=O)C(N)=O)C1,23
Cc1ccc(F)cc1C(=O)NC[C@@H]1CCN1[C@@H](C)C(=O)NC(N)=O,24
CC(C)c1c(C(=O)N[C@@H]2CC[C@H](CN)C2)cnn1-c1ccccn1,24
CNS(=O)(=O)CCCNCc1ccc2c(c1)NC(=O)CO2,21
C=CC[C@@H](CO)CNCc1nc2c(s1)CN(C(C)C)CC2,21
C#CCNC(=O)CN1C[C@H]2C(NC(=O)[C@H](O)C(C)C)[C@@H]2C1,21
Cc1ccc(CN[C@@H]2C[C@@H](OC(C)C)C2(C)C)c(=O)n1C,21
Cc1c(NC(=O)C(=O)N2C[C@@H](C)OC[C@@H]2C)cnn1CC(=O)O,23
Cc1n[nH]cc1C(=O)N(C)C[C@H](O)CNCc1ccccn1,22
CC[C@H](CN1CC[C@](O)(CNC(=O)c2ccc(O)nn2)C1)OC,23
CC(=O)N1CC(C(=O)N(C)C2CC(NC(=O)CCNC(N)=O)C2)C1,24
CC1=NNC(=O)[C@H]1CCNC(=O)[C@H](O)CC(=O)O,18
CNC(=O)CNCCNC(=O)c1cccc(-n2ccnc2)n1,22
C[C@H](NS(C)(=O)=O)C(=O)N[C@H](C)CN(C)C(=O)c1cnn(C)n1,23
Cc1nc(CN2[C@H]3CCC[C@H]2CN(C(=O)[C@H]2CCC(=O)N2)C3)cs1,24
O=C(Nc1cccc2nsnc12)NC1(CO)COC1,19
CC(C)C1CCC(NC(=O)N[C@@H](C(C)C)C(C)(C)O)CC1,21
Cc1ccc(-c2noc(CCCNC(=O)c3cccnc3)n2)nc1C,25
Cc1noc(C)c1CN(C)CC1CCN(C(=O)C(=O)C(C)(C)C)CC1,25
C[C@@H](C#N)C(=O)N1CC2(C[C@@H]2C(=O)N2CCn3cnnc3C2)C1,23
CC(C)=CC(=O)N(C)C[C@@H](O)CNc1cc(C)nc(C(C)C)n1,23
C#CCCN1C[C@@H](NC(=O)Cn2ccc(C(F)(F)F)n2)[C@H](C)C1,23
C[C@@H](O)CCCN1CC(O)(CNC(=O)c2ccncn2)C1,21
Cc1ccc(CN(C)C(=O)CN2CCOCC2)cc1,19
FC(F)COc1cc(-c2noc([C@H]3CC3(F)F)n2)ccn1,21
Cc1nccnc1CNC[C@@H](C1CC1)N(C)C(=O)C1(F)CCCC1,24
Cc1ccc(F)c(CC(=O)N2CC(NC(=O)[C@H](C)c3ccco3)C2)c1,25
CCC[C@@H](OC)c1noc([C@H]2CC(=O)N(c3ccccc3OC)C2)n1,25
COc1ccc(F)cc1CC(=O)NCc1cc(C)[nH]n1,20
C=C[C@H](O)C(=O)OCc1nnc(-c2c(Cl)cccc2Cl)o1,21
C#CCCCC(=O)N[C@@]12CCC[C@@H]1N(C(=O)c1ccc(F)nc1)CC2,25
C[C@@H]1C[C@H](c2ccccc2)[C@@H](C)N1C(=O)C1CCOCC1,21
CC1=C(C(=O)NC[C@H]2CN(C(=O)C3CCCC3)C[C@H]2C)CCCO1,24
Cc1cnc(C(=O)NCC2(NCC3CC(C)C3)CCC2)c(C)c1,23
CC(C)n1cc(CN(C)[C@@H]2CCN(C(=O)C3=CCCCCC3)C2)nn1,25
C=CCN1C[C@@H]2CCC[C@]2(NC(=O)C2[C@@H]3CCCC[C@@H]23)C1,21
CON(C)C(=O)CCN1C[C@H]2C[C@H](O)CC[C@H]2C1,18
C[C@@H](O)[C@H]1CCN(c2c(C#N)c(=O)n(C)c(=O)n2C)C1,20
C/C(=C\c1ccco1)C(=O)NCC[C@@H](C)N(C)C,18
C[C@H](CN)C(=O)N1CC2(CCCN2C(=O)C[C@H]2NC(=O)NC2=O)C1,24
C[C@H]1C[C@@H]1C(=O)N[C@@H]1CN(C(=O)c2onc3c2CCCC3)CC1(C)C,25
C=CCN(C(=O)[C@@H](C)N1C(=O)c2ccccc2C1=O)C(C)C,22
Cc1ccc([N+](=O)[O-])c(N[C@H]2CCC[C@@H](C(=O)O)CC2)c1,21
O=C1C[C@@H](CNC(=O)N[C@H]2CC[C@@H](CO)CC2)CN1,19
O=C(N[C@@H]1CCCC[C@H]1NCCOC1CCC1)c1occc1Cl,23
COC(=O)c1cc(C(=O)N[C@@H](CO)CN(C)C)n(C)n1,20
CC(=O)N1CC[C@@H]([C@H]2CCCN(C(=O)C3(CN(C)C)CC3)C2)C1,23
C[C@H]1CN(C(=O)[C@@H](C)c2cccc(O)c2)C[C@@H](C)O1,19
C/C=C/COC(=O)[C@H]1CCCN(C(=O)Nc2ccccc2)C1,22
CC1CC(CN(C)CCCNC(=O)c2cn[nH]c2)C1,19
O=C(CCN1CCCS1(=O)=O)Nc1nc2cnccn2n1,21
O=C(N[C@H]1[C@@H]2CN(C(=O)c3cccnn3)C[C@@H]21)c1cccc2c[nH]nc12,26
CCn1ccnc1C(=O)N1CC[C@](C)(CNCc2oc(C)nc2C)C1,25
C#CCN[C@H]1CCC[C@H](NC(=O)c2c(F)cccc2F)C1,21
Cc1c(NS(=O)(=O)Cc2c(Cl)cccc2Cl)nnn1C,20
C[C@H](Oc1ncc[nH]1)c1ccc(Br)nc1,15
C[C@H]1CCCc2ncc(C(=O)NCc3csc(N(C)C)n3)n21,22
C[C@H](NC(=O)c1cnnn1-c1ccccc1Cl)c1ncnn1C,23
COc1ncccc1CNC(=O)N[C@H](C)Cc1cccnc1,22
Cc1nc([C@@H](C)N2C[C@@H](O)[C@H](NC(=O)c3nonc3C)C2)n[nH]1,23
COCCc1nsc(N2CC3(CCC3)[C@H]2c2ccco2)n1,21
CC[C@@]1(C(=O)O)CCCN1S(=O)(=O)N(C)[C@H](C)CC#N,20
CN(C)[C@@H](C(=O)N1CCC(NCC(=O)N2CCC2)CC1)C1CC1,23
CC[C@H](F)C(=O)NC1(CNC(=O)C#CC2CC2)CCC1,20
C[C@@H](O)[C@H]1CCCN1C(=O)[C@@H]1CCOC(C)(C)C1,18
CC(C)OCc1ccc(C(=O)N[C@@H]2CC[C@H](F)C2)cc1,20
CCOC(=O)NCC(=O)N(Cc1ccc(N(C)C)cc1)C(C)C,23
CS(=O)(=O)c1ccc(CN2CC(NC(=O)[C@@H]3CCOC3)C2)o1,22
CC[C@@]1(O)CCN(c2nnc(-c3ccccc3)s2)C1,19
CO[C@@H]1CN(Cc2c(C)cccc2C)C[C@H]1NC(=O)Cc1ncc[nH]1,25
CC1(C)C(C(=O)N(CC(=O)O)c2ccc3c(c2)OCO3)C1(C)C,23
CC(C)OCCCNC(=O)c1ncoc1C1CC1,18
CCCNC1CC2(C1)CC(NC(=O)c1csnc1C)C2,20
O=C(O)[C@H]1CCCN1C(=O)[C@H]1CC(=O)N(c2cc(F)cc(F)c2)C1,24
CCOCC(=O)NCCN(CCO)C(=O)c1ccc(=O)n(C)n1,23
Cc1nc(C)c([C@H](C)N(C)C(=O)Cc2ccccc2CO)s1,22
CN(C)CCC(=O)NC[C@@H]1COCCN1C(=O)[C@@H]1CC(=O)N(C)C1,24
CC(C)=CCN1CCCC[C@H](NC(=O)Cc2cnn(C)c2C)C1,23
CO[C@@H](C1CC1)[C@@H](C)NC(=O)NCc1cccnc1O,20
CC1(C)CCC[C@H]1CNC(=O)c1cnnn1Cc1ccccc1,23
CCC[C@H]1CN(C(=O)C(=O)N2CCN3C(=O)NC(=O)[C@@H]3C2)CCO1,24
O=C(O)c1cccc(OC(=O)C2(C(F)F)CCCC2)c1,20
CCCOc1ccc(-c2ccc(CC(=O)OCC)nn2)cn1,22
Cc1nn(C)cc1C(=O)NC[C@@]1(O)CN2CCC1CC2,20
C[C@@H]1[C@H](NC(=O)Cn2ccnc2)CCN1C(=O)c1cscn1,22
CC(=O)OCCCSCC(=O)N1CCCC[C@H]1C(N)=O,20
CCOC(=O)c1c(NC(=O)[C@H]2CNC[C@@H]2O)n[nH]c1C,20
C[C@H](Cc1cnc2ccccc2n1)C(=O)N[C@@H](C#N)C(C)(C)C,23
CC1CCN(C[C@@H](C)N[C@H]2Cc3cccc(F)c3C2)CC1,21
C[C@@H]1CN(C(=O)C(=O)NCCOCc2ccccc2)[C@H](C)[C@H]1C,23
O=C(CN1CCN(c2ccnc(F)c2)CC1)N1CCCCCC1,23
CN(C)[C@H](C(=O)NCC1(C2CC2)CC1)c1c(F)cccc1Cl,22
CCCC1(CNC(=O)/C=C/C2(C)CCOCC2)CCC1,20
CCNC(=O)C(C)(C)CNC(=O)[C@H]1CN(C)C(=O)CN1,20
CCC1(C(=O)N2C[C@@H]3CCC[C@]3(CNCc3cnn(C)c3)C2)CC1,24
CC[C@@H]1CC[C@@H](C)N(C(=O)N[C@H]2CO[C@@H](C)C2)C1,18
O=C(Cc1ccc(Cl)s1)NCC1([C@H]2CCCO2)CCC1,20
CCN(Cc1ccccc1)C(=O)NCCSC(F)(F)F,20
C[C@H](C(=O)N(C)C1CC(NCCC2=CCCCC2)C1)c1cnn(C)c1,25
CC(C)(NC(=O)c1csc(C2CCNCC2)n1)c1nccs1,22
CCCC(=O)N[C@H](C)CNC(=O)[C@@H]1C[C@H]1c1ccccc1C,22
Cc1c[nH]c(CC(N)=O)c1C(=O)N[C@@H](C)C1CN(CCCO)C1,23
COc1cccc(CCC(=O)N2CCCC[C@H]2CNCC2CC2)c1F,25
CCn1ccnc1[C@@H](NC(=O)Cc1ccccc1N)C1CCOCC1,25
C[C@H](CNC(=O)C(C)(C)Cc1ccccc1)NCc1ccns1,23
CC(C)(C(=O)N1CC[C@@H](NC(=O)Cc2cncnc2)C1)C1CCCC1,25
C[C@@H](c1csnn1)N1CCC[C@@H]1CNC(=O)c1cnnn1C,22
CO[C@@H](C)c1nc(COc2cccc(-n3cncn3)c2)cs1,22
Cc1ncncc1C(=O)N[C@H]1CCN(CCN2CCNC2=O)C[C@H]1O,25
CCCCO[C@@H]1C[C@@H](NC(=O)C(=O)N2CC[C@@H](C3CC3)C2)C1(C)C,24
N#Cc1c[nH]ccc1=N[C@H]1C[C@H](NC(=O)Cn2ncnn2)C1,22
C[C@H](NC(=O)NC[C@H]1C[C@@](C)(O)C1)c1ccccc1,19
COc1ncccc1COC(=O)[C@@H]1CCNC(=O)C1,19
C[C@@H](CNC(=O)C1(F)CCOCC1)NC(=O)c1cncn1C,22
NC(=O)C(=O)N1CC=C(CNC(=O)[C@@H]2C[C@H]3C=C[C@H]2C3)CC1,22
CCS(=O)(=O)N1CCN(Cc2nccnc2N)CC1,19
CC(C)C[C@@H](O)CNCc1cccc(OC(F)F)c1,19
N#CCNC(=O)CNCCCNC(=O)CCCN1C(=O)CNC1=O,24
COCCN(Cc1ccc(C)o1)CC1CCC2(CC1)OCCO2,23
O=C1CC[C@@H](N[C@H]2CCCN(C(=O)c3ccc(Cl)cc3)C2)C(=O)N1,24
NC(=O)Cn1cc(C(=O)NCCNC[C@H]2C[C@]23CCOC3)nn1,23
CC(C)c1nnnn1CC(=O)N[C@]1(C)CCN(CCCO)C1,22
C=C(C)CNC(=S)Nc1cnn([C@@H](C)c2ccccc2)c1,21
CCN(C(=O)Nc1cc(COC)cc(C(=O)O)c1)[C@H](C)C(C)C,23
CCCCOC(=O)N[C@@H](C(=O)NCC(C)(OC)OC)C1CC1,22
CCC[C@](C)(NC(=O)Cn1c(C)nc2ccccc21)C(=O)OC,23
CC#CCN1CCC2(C1)CN(C(=O)C[C@@H]1CCC(=O)NC1)C2,22
CCn1cc(C(=O)N[C@@H](C)CCNC(=O)c2cccc(F)c2)c(C)n1,25
N#Cc1ccc(C(=O)N[C@H](CO)c2ccc(F)cc2)[nH]1,20
CC(C)(CNC(=O)C(=O)N1CC[C@@H]2CCN[C@@H]2C1)N1CCCCC1,24
COCC(=O)NCC[C@H](C)NC(=O)[C@H]1COCCN1C(C)=O,22
CC[C@@H](C)CC(=O)N1CCC2(C1)CN(C(=O)[C@@H]1CC13CCCC3)C2,24
Cc1ccccc1NC(=S)N1CCC[C@@H](F)C(=O)C1,19
CN(C)C(=O)CN1CCOC[C@H]1CNC(=O)CCCC(N)=O,22
CS(=O)(=O)NCCN1CC[C@](O)(CNC(=O)c2ccoc2)C1,22
COC1([C@H](C)NC(=O)c2cc(C(F)(F)F)ccn2)CCOCC1,23
C[C@@H]1C[C@H](Nc2nc(Cl)ccc2C(=O)NC(C)(C)C)CCO1,22
CC(C)CC(=O)NC1(CNC(=O)c2ccc(C3CC3)s2)CCC1,23
CC(C)OCC(=O)N[C@@]1(C)CCN(C(=O)[C@@H]2C[C@H]2c2cncn2C)C1,25
CCc1nocc1C(=O)N[C@]1(C)CCN(CCF)C1,19
CNC[C@H](C)NC(=O)NC[C@]1(O)CCCC1(C)C,18
NC(=O)[C@@H]1C[C@@H]1C(=O)NC[C@H]1CCN1CCN1CCNC1=O,22
Cc1ccc([C@@H]2C[C@H](C)N(C(=O)CCc3c[nH]cn3)C2)cc1,22
CC[C@@H](C)OCC(=O)N[C@@H]1CN(C(=O)CC(=O)N(C)C)C[C@@H]1O,23
CCCOC(=O)N1C[C@H](n2cccn2)Cc2ccccc21,21
CN1CC=C(CN[C@@H]2CCC[C@@H]2c2ccc(F)cc2)CC1,21
CCOC(=O)[C@@H](C)NC(=S)N[C@@H]1C(=O)NC(=O)NC1=S,20
CC(C)[C@H]1OCCC[C@@H]1CNC(=O)N(C)Cc1cn(C)nn1,22
CC[C@@H](F)C(=O)N(C)CC(C)(C)CNC(=O)[C@@]1(F)CCOC1,22
COc1cc(F)ccc1Nc1cc(C(N)=O)ccc1Cl,20
O=C(Nc1cc(F)ccc1OCC1CC1)[C@H]1CCS(=O)(=O)C1,22
CC(C)(C)/C=C\C(=O)N1CCOc2ccc([N+](=O)[O-])cc2C1,22
CC(C)(C(N)=O)C(=O)N1C[C@H]2C(NC(=O)[C@@H]3COC(=O)N3)[C@@H]2C1,23
C[C@@H]1CN(C(=O)c2ncn(C)n2)C[C@@H]1NC(=O)c1cnn[nH]1,22
CC[C@@H]1[C@@H](NC(=O)c2cn(C(C)C)cn2)CCN1C(=O)C(F)F,23
C[C@H](NC(=O)[C@@H]1CSCCS1)c1ccccn1,17
O=C(NCCc1ccc(F)c(F)c1)c1cccc2c1CCCN2,23
CCCc1noc(CNC[C@H](O)CNC(=O)c2ccoc2Cl)n1,23
COC(=O)[C@H]1C[C@H]1C(=O)N[C@@H]1CC(=O)N(C)[C@H]1c1cnn(C)c1C,24
Cc1c[nH]ccc1=NC(=O)N1CC[C@@H](n2cncn2)C1,20
C=CCCCCCNCCNC(=O)C[C@H](C)c1ccco1,21
CNC(=O)C[C@H](C)N[C@H](C)C(=O)N1c2ccccc2C[C@H]1C,22
C=C/C=C/CCNC(=O)N[C@@H]1CCO[C@H]1c1ccc(F)c(F)c1,23
Cc1nnc(CNC[C@@H](C2CC2)N(C)C(=O)CCc2cccs2)o1,24
CCOCC(=O)NC[C@@H]1CN(C(=O)c2ccncc2F)C[C@H]1O,23
CN1CCC[C@H](N[C@H]2CCN(C(=O)c3ccn4cncc4c3)C2)C1=O,25
CS(=O)(=O)c1cccc(CN2CC(N3CCC(F)(F)CC3)C2)c1,23
COCC(=O)N[C@H](c1cccnc1OC)C1CC1,18
O=C(Nc1ccc2nc(S)[nH]c2c1)[C@H]1CCCCS1,19
COC(=O)c1cc(Br)c(C)cc1OC1CCC1,17
C#CCCC(=O)N[C@@H]1C[C@@H]2CC[C@H](C1)N2C(=O)c1cccc(F)n1,24
C/C=C(\C)C(=O)N[C@H]1C[C@H]2CC[C@@H]1N2CCC1CC1,19
NS(=O)(=O)c1cn(CCCN2CCOC2=O)nn1,18
O=C1CC[C@H](C(=O)N(CCO)CCNCc2ncccn2)N1,22
CCOC(=O)[C@H]1CCCN(C(=O)[C@H]2CCc3ncncc3C2)C1,23
COc1ccc(Nc2cc(C)ccc2C#N)c(OC)n1,20
CSc1ccc(O[C@@H](C)C(=O)N[C@H](C)c2ccc[nH]2)cc1,21
C[C@@H](CNC(=O)CSCc1ccccn1)N(C)C1CC1,20
CCOc1ccc(OCC)c(N[C@@H]2CCO[C@H]2C)c1,19
O=C1CN(CCNC(=O)Nc2ccc(C(=O)O)c(Cl)c2)CCN1,23
NS(=O)(=O)CCNC(=O)NCc1ccc(OC(F)F)cn1,21
C=CCN(C(=O)[C@H](C)Oc1cccc(Br)c1)C1CC1,19
Cc1ncoc1C(=O)N[C@H]1CCCC[C@@H]1CN=c1cc[nH]cc1C#N,25
COC[C@H](Cc1ccccc1)NC(=O)NC[C@H](O)CC(C)(C)C,23
Cc1nnc(CNC(=O)N[C@H]2CCOC3(CCCC3)C2)o1,21
CC[S@@](=O)CC(=O)N[C@H](C)Cc1ccc(O)cc1,18
CN(C[C@H]1CCCCO1)C(=O)c1cccnc1OCC(F)F,22
Cc1ncc(CNC[C@H]2CCCN(C(=O)[C@@H]3CCN(C)C(=O)C3)C2)o1,25
O=C(c1cnon1)N1CC[C@@H]2CCN(C(=O)Cn3cncn3)[C@H]2C1,24
Cn1nnc(CN2C[C@@H](O)[C@H](NC(=O)c3ccc[nH]3)C2)n1,21
CN(C[C@H]1CCN(C(=O)c2cc(C(N)=O)c[nH]2)C1)C(=O)C1(C)CC1,24
COC(=O)Cc1ccc(NC[C@H]2CCOC2)c([N+](=O)[O-])c1,21
CCCCc1nnc(NC(=O)Cc2cnn(-c3ccccc3)n2)s1,24
CC(C)(C)OC(=O)N[C@@H](CNCc1ccccc1F)C1CC1,22
NC(=O)CNCc1cn([C@@H]2CCN(C(=O)[C@H]3CNC(=O)N3)C2)nn1,24
CCOC(=O)c1cccnc1N(C)CC(=O)N(CC)CC,21
Cc1[nH]ccc1C(=O)NC1(CNC(=O)c2cccc(C(C)C)c2)CC1,25
CCOC(=O)[C@H]1CC[C@H](Oc2cccc(C)c2F)CO1,20
Cn1nccc1C(=O)N1[C@H]2CC[C@@H]1C[C@@H]2NC(=O)[C@H]1CNC(=O)N1,24
C[C@H]1CC[C@H](C(=O)NCC2CN(C(=O)CCc3cnc[nH]3)C2)C1,23
CC(C)[C@@H](CNC(=O)c1ccn(C)c1)NC(=O)Cc1ccnn1C,24
C=C(C)CONC(=O)Nc1c(C)cccc1Cl,17
CN(C)CCOc1cc(C(=O)N2CCNC(=O)C2)ccn1,21
C[C@@H](NCC[C@H]1CCCCN1C(=O)c1ccn(C)n1)c1cnccn1,25
O=C(N[C@H]1C[C@@H](N[C@H]2CCNC2=O)C1)C1CC2(C1)CS(=O)(=O)C2,23
Cc1nnc(CN2CC[C@H]2CNC(=O)[C@@H]2OC[C@@H]3CCC[C@@H]32)o1,23
COc1ccc(F)c(CNC(=O)N2CC[C@@H](C)[C@@H](C)C2)c1,21
O=C(CN1C[C@H]2C(NC(=O)CNC(=O)C3CC3)[C@@H]2C1)NC1CC1,23
COC[C@@H](CS(=O)(=O)N1CCN([C@@H]2CCOC2)CC1)OC,21
C[C@@H]1C[C@H](NC(=O)N2CCCC[C@H]2[C@@H](C)N)CCO1,19
COCC(=O)NC1CN(C(=O)c2cnn(C)c2N)C1,19
COCCN1CC[C@@H]1CNC(=O)C/C=C/c1ccc(F)cc1,22
NC1CCN(CCCC(=O)N(Cc2ccccc2)CC2CCC2)CC1,25
CC(=O)c1ccc(NC(=O)CC(C)(C)C#N)cc1C,19
CCS(=O)(=O)N1CCC(NC(=O)c2c[nH]nc2C2CC2)CC1,22
O=C1NC(=O)[C@H]2CN(C(=O)N[C@@H](c3cccs3)C3CC3)C[C@@H]12,22
C[C@H]1CN(c2nc3c(cc2C#N)CCC3)C[C@@H](C)N1,19
CC(C)[C@H]1C[C@@H]1C(=O)NC1(C)CCN(C(=O)c2cn[nH]c2)CC1,23
CCO[C@@H]1COC[C@H]1NC(=O)N[C@@H](c1ccccc1)C1CCC1,23
COCC(=O)NC[C@H]1C[C@@H](NC(=O)c2ccn3nnnc3c2)C1,23
CN(C(=O)CCc1ccncn1)[C@@H](CNC(=O)c1ccon1)C1CC1,25
CCOc1ccc(C(=O)NC[C@@H]2CCCN2CCF)cc1C,22
CSC[C@@H]1CCCN(CC(=O)N(C)CC2CCCCC2)C1,21
C[C@H](N[C@@H](c1nccn1C)C1CC1)c1cncc(F)c1,20
O=C(N[C@H]1[C@@H]2CN(CCCO)C[C@@H]21)c1ccc2oc(O)nc2c1,23
N#CCc1ccc(-c2ccc(C(=O)N3CCNCC3)cc2)cc1F,24
CC(C)(O)CC(=O)N1C[C@@H](O)[C@H](NC(=O)c2cc3n(n2)CCC3)C1,24
Cc1nc[nH]c1C(=O)N1CCC[C@H]1CNC(=O)CCC1(C)CC1,23
CN1CCC[C@](O)(CC(=O)N2CC[C@](O)(C(=O)O)C2)C1,20
COc1cc(O)ncc1C(=O)N(C)C[C@H](C)NCCc1ccccc1,25
CN(CCN1CCC[C@@H]1[C@@H]1CCC[C@@H]1O)c1ccccc1,21
Cc1cc(F)cc(C)c1C(=O)N(C)[C@@H](C)CNCc1nccnc1C,25
CCC(=O)N1CC[C@H]2CC[C@@H](C1)N2C(=O)[C@@H]1CCC(=O)N1C(C)C,24
Cc1cc(NC[C@H](C)N(C)C)n2c(nc3ccccc32)c1C#N,23
CCC1(O)CN(C(=O)CSc2ccc(C(C)C)cc2)C1,20
Cc1nc([C@@H](C)N2CCC(CCNC(=O)Cc3ccoc3)CC2)no1,25
NCc1ccc(CNC(=O)NCCS(=O)(=O)N2CCCC2)cc1,23
CCc1cc(C)nc(N2CCO[C@@H](CNC(=O)[C@@H]3CCC(=O)N3)C2)n1,25
O=C(NC/C=C/C1CC1)NCCc1ccn(-c2ccc(F)cc2)n1,24
Cc1ccc(CNC(=O)N[C@]2(C)CCNC2)c(N2CCCC2)n1,23
CCC(=O)N[C@H](C)C(=O)NC[C@@H](C)NC(=O)c1nc(C)c[nH]1,22
C[C@H](NC(=O)CNCCNC(=O)Cn1ncnn1)C1CC1,21
CC(C)CCCCC(=O)N1CCC[C@H]2[C@@H]1CCN2C(=O)C(F)F,23
CC/C(C)=C/C(=O)N1CC[C@H](CNCc2cnc(C)o2)[C@H](C)C1,23
Cc1ccccc1O[C@@H](C)CNC(=O)N(C)CCCn1ccnc1C,25
C#CCNC(=O)COC(=O)c1ccc(S(N)(=O)=O)cc1,20
C[C@@H]1CCN(C(=O)N[C@@H]2CC[C@H](C(=N)O)C2)[C@@H](c2ccco2)C1,23
CCOC(=O)C(C)(C)S(=O)(=O)N1CC[C@@H](NC(C)=O)C1,20
CC(=O)NCC1(O)CCN(C(=O)c2cnc(C)nc2C2CC2)CC1,24
COC[C@@H](CNC(=O)N1CCC(NC(C)=O)CC1)OC,20
C[C@H](NC(=O)N[C@@H]1CCC(=O)N(C)C1)c1ccc(C(F)(F)F)cc1,24
Cc1ccncc1Cc1nc(-c2cccnc2OCC(F)F)no1,24
CC[C@H](NC[C@](C)(O)CCOC)c1ccc(OC)c(OC)c1,22
COc1cc(CN2CC([C@@H](C)NC(=O)[C@@H]3CCC(C)=C(C)C3)C2)on1,25
O=[S@@](CCCCCn1nnc(-c2ccccc2)n1)C[C@@H]1CCCO1,24
Cc1ccccc1CNC(=O)CNc1cnn(CC(F)(F)F)c1,23
Cc1cnc(C(=O)N2CCC3(CN(C(=O)C(N)=O)C3)C2)cn1,22
Cc1cn(C)nc1C(=O)NCCN(CCO)C(=O)[C@H](C)NC(N)=O,24
CN1CCN(C(=O)[C@H]2CCCCCC(=O)C2)[C@@H](c2ccccc2)C1,24
C[C@@H]1CC2(CCN(CCO)CC2)CN1C(=O)[C@H]1CCNC1=O,22
Cc1ncc(C(=O)N[C@@H]2CN(c3cccc(F)n3)C[C@H]2O)[nH]1,22
O=C(NCCN(Cc1nccs1)C1CC1)c1scnc1Cl,21
O=S(=O)(CC=C(Cl)Cl)N1CCC[C@H](c2ncc[nH]2)C1,19
CCOCCCn1c(Nc2ccn(CC)n2)nnc1C(C)(C)C,23
C/C(=C/C(=O)NN1CCCC1=O)c1ccccc1OC(F)F,22
CC[C@H](O)CCNc1cc(C(C)C)nc2ncnn12,19
CC1CC(CN2CC(NC(=O)c3ccc4nccnc4c3)C2)C1,23
CC(=O)c1csc(C(=O)N[C@@H]2C[C@]2(C)C(C)C)c1,18
C[C@@H]1C[C@H](NC(=O)C(C)(C)F)CCN1Cc1ccc2nonc2c1,24
C=C(Cl)CN1CC[C@@]2(CCCN(C(=O)c3cc(C)[nH]n3)C2)C1,22
Cc1cc(C(=O)N(C)[C@H]2CCN(CCc3cnn(C)c3)C2)n[nH]1,23
Cn1c(C(=O)NC2=NCCS2)cc2ccccc21,18
NS(=O)(=O)c1cccc(-c2c(Cl)ccnc2Cl)n1,18
CC(=O)N1CC[C@@](C)(NC(=O)c2ccc(C3CCCC3)cc2)C1,23
O=C(Nc1ccn(CCF)n1)C(=O)N1CC[C@H](C(=O)O)C1,21
CO[C@@H]1CN(C(=O)c2cnnn2C)C[C@H]1NC(=O)c1n[nH]cc1F,24
Cc1noc(C)c1C(=O)NCC[C@H]1CCN(Cc2cscn2)C1,23
C[C@H](C[S@](C)=O)NC(=O)C(=O)N[C@H]1CCCN(C)C1=O,20
CO[C@@H](C)C(=O)NC[C@H](O)CN(C)C(=O)c1c(C)noc1C1CC1,24
Cc1cc(CC(=O)N[C@@]2(C)CCCc3ccccc32)n(C)n1,22
CN(C[C@@H]1CCN1CC1CCC1)C(=O)[C@H]1CCC=CCCC1,22
CCC[C@@H](CC)NC(=O)N1CCCC[C@@H]1COC(=O)NC(C)C,23
COC(=O)CS(=O)(=O)NC(=O)CCc1ccc(OC)c(F)c1,22
COc1c(C(=O)N[C@@H]2CN(C(=O)Cn3ccnc3)C[C@H]2O)cnn1C,25
CCO[C@H](C)C(=O)N1CCC[C@@H]1CNC(=O)Cc1[nH]cnc1C,23
COC(=O)c1cnc(N[C@@H](C)CN(C)C(=O)OC(C)(C)C)s1,22
COCCCOC(=O)Cc1ccc(Cl)c([N+](=O)[O-])c1,19
CN(CCNC(=O)c1cnns1)C(=O)CN1CCNC(=O)C1,22
C[C@@H](CNC(=O)c1cnn(CCN(C)C)c1)N[C@@H]1CCN(C)C1=O,24
Cn1cncc1[C@@H]1CCCN(C(=O)NCC2(N)CCCC2)C1,22
CC(C)N(C)CC(=O)N1CCCC[C@H]1CNC(=O)[C@@H]1COCCO1,24
COc1ccccc1C[C@H](C)N1CCn2nncc2C1,20
COCCC(=O)N(C)CC(C)(C)CNC(=O)c1nccnc1N,23
CC[C@@H](NC(=O)Nc1ccc(C(=O)N(C)OC)cc1)C1CC1,22
Cc1csc(CNC[C@H](O)CNC(=O)c2cnn(C)c2N)n1,22
Cn1nnnc1CNCCCNC(=O)CNC(=O)C1CC1,21
CC(C)[C@H](CNC(=O)Cc1cncn1C)NCc1nnnn1C,23
CC[C@@H](C)[C@H](C)NCc1nc2cc(OC)ccc2n1C,20
Cc1cc(NCCC[C@@H](C)NC(=O)CCc2c(C)n[nH]c2C)ncn1,25
COC(=O)[C@H]1CN(C(=O)c2nc(Cl)ccc2F)CCO1,20
CCCN1CCCC[C@@H]1c1ccc(N2C[C@@H]3CN(C)C[C@H]3C2)nc1,24
N#Cc1c2c(cn(Cc3cccnc3)c1=O)CCCC2,20
COc1ccc(Cl)cc1CS(=O)(=O)Cc1ccccc1C#N,22
COc1ccc(O[C@H]2CCN([C@@H](C)Cc3cccc(OC)c3)C2)nc1,25
CC(C)(C(N)=O)C(=O)N[C@H]1[C@@H]2CN(CCC3CC3)C[C@@H]21,20
C[C@@H](C#N)C(=O)N1CC[C@H](NC(=O)Cn2ncn(C)c2=O)[C@H]1C,23
COc1cc(CN2CC[C@H](N)C2)ccc1OC(F)F,19
C[C@H]1CC(F)(F)CCN1C(=O)c1cc2ccccc2[nH]1,20
CNC(=O)C1CCN(CC(=O)Nc2ccc(C(=O)O)cc2)CC1,23
CCN(Cc1ccc(S(N)(=O)=O)o1)C[C@H](C)C#N,18
CC1=C(C(=O)NCC2(CO)COC2)Cn2nnnc2N1C,21
Cc1ccc(O[C@H](C)C(=O)N2CCCC[C@H](S(C)(=O)=O)C2)cc1,23
NCc1ccnn1-c1ncc2ncnc(Cl)c2n1,18
C[C@@H]1[C@@H](NC(=O)c2ccc(F)cc2F)CCN1CC(N)=O,21
CCNC(=O)CC(=O)N1CCC(NCc2cn(C(C)C)nc2C)CC1,25
COc1cc(NC(=O)[C@H](C)Cc2ccccc2C)ccn1,21
CC[C@@H](NC(C)=O)C(=O)NC[C@@]1(C)CN(CCCF)CCO1,22
COc1cccc([C@H]2C[C@H](NC(=O)NCCCNC3CC3)C2)c1,23
C#CCNCCCNC(=O)CCn1ccccc1=O,19
CC(C)C[C@@H](CNC(C)C)NC(=O)Cc1ccccc1F,21
Cc1nc2ccc(NC(=O)[C@H](C)c3cccc(F)c3)cn2n1,22
CCCNC(=O)c1ccc(NC(=O)N[C@]23CCC[C@H]2NCC3)cc1,24
CN(C)CC[C@](C)(O)CNC(=O)Cn1cnnc1O,19
CN1C[C@H](C(=O)N2CC[C@H](NC(=O)[C@H]3CCCO3)C2)NC1=O,22
Cc1c(C(=O)N2C[C@H]3[C@H]4C=C[C@@H](C4)[C@H]3C2)cnn1C,19
CC1(C(=O)N[C@@H](CNC(=O)CCn2cccn2)C(C)(C)C)CC1,23
CC[C@@]1(C)CN(C(=O)c2cccnc2SC(F)F)CCO1,21
C[C@@H](Nc1cnn(CC2CC2)c1)c1ccc2nc(O)oc2c1,22
Cc1conc1C(=O)N1CCC[C@H]1CNC(=O)Cc1[nH]cnc1C,24
O=C(NCC1CCN(Cc2cscn2)CC1)c1ocnc1C1CC1,24
CCN(CCNC(=O)c1nccnc1N)C(=O)[C@H]1CCCC(=O)N1,24
COC[C@@H](C)[C@H](C)C(=O)OCCSc1cccc(OC)c1,21
CCCN(CC)Cc1c(C)nn(CCC(=O)O)c1C,19
Cn1nccc1CC(=O)N1[C@H]2CC[C@@H]1C[C@H]2NC(=O)[C@@H]1COC(=O)N1,25
CN(C[C@H](O)CNC(=O)[C@@H]1[C@H]2CCC[C@H]21)C(=O)C1(C)CCC1,22
CC[C@H](C(N)=O)N1CC2(CN(COCCOC)C(=O)CO2)C1,22
O=C1N[C@@H](C(=O)N[C@H]2CCN(C(=O)c3cc[nH]n3)C2)CO1,21
O=C(c1cccc(O)n1)N1CCO[C@H](CNc2cccc(F)n2)C1,24
CCOc1cc(C(=O)NC2CN(C(=O)c3coc(C)c3)C2)[nH]n1,23
CC(=O)NC[C@@]1(O)CCN(C(=O)CN2CCS(=O)(=O)CC2)C1,22
COCCN(C)C(=O)C(=O)NCCN1CCNC1=O,19
Cc1nn(C)cc1C(=O)N[C@H](C)CCNC(=O)Cn1nccc1C,24
NC(=O)CN1C[C@H]2[C@@H](C1)OCCN2C(=O)C1=CCOCC1,21
C#C[C@H](NC(=O)C(=O)N1CCCNC(=O)C1)[C@@H]1CCCO1,21
CN1CC[C@H](C(=O)N2CCC[C@@H](N(C)Cc3cnon3)C2)C1=O,23
C=CCCN1CCC2(CC1)C[C@@H](C)N(C(=O)[C@@H]1CC13CC3)C2,22
Cc1cc2c(cc1C)[C@@H](C(=O)NC[C@H]1CCCN1CCF)CO2,23
CC(=O)N1CC[C@H](N(C)C(=O)[C@H](C)S(C)(=O)=O)C1,18
O=C(CC[C@@H]1CCCCO1)OCC(=O)c1ccoc1,19
COCCC[C@@H](C)C(=O)NCc1ccnc(SC)c1,19
CCOCCN(C)CC1CCN(C(=O)[C@@H]2C[C@H]3C=C[C@H]2O3)CC1,23
COc1ccccc1NC(=O)NNC(=O)c1ccccc1C,22
CN(C[C@@H]1CCCC[C@H]1O)C(=O)Cc1nsc2ccccc12,22
O=C(N[C@H]1[C@H]2C[C@H]1N(Cc1cccc(C(F)F)c1)C2)c1cnon1,24
CC[C@@H](CNC(=O)c1ccn2nnnc2c1)NC[C@H](O)COC,23
CN(C)C(=O)CNC(=O)C(=O)NCc1cccc(C(N)=O)c1,22
C[C@H](N[C@@H](C)c1ccsc1)C(=O)NCc1cccs1,19
CC1(C)CO[C@@H](CC(=O)N2CC[C@](C)(NC(=O)c3cnn[nH]3)C2)C1,24
NC(=O)C(=O)N1CC[C@@](O)(CNC(=O)CCn2ccnc2)C1,22
O=C(NC1CCN([C@@H]2CCOC2=O)CC1)[C@@H]1CCCCS1(=O)=O,23
C[C@@H](NS(C)(=O)=O)C(=O)NC[C@H]1C[C@@H](NC(=O)C2(C)CC2)C1,22
C[C@H](OCc1cn2cc(C#N)ccc2n1)c1ccncc1F,22
CCOc1cc(F)ccc1NC(=O)N[C@@]1(C)CCO[C@@H]1C,21
Cc1cnccc1CCN1CCC[C@@H](CN2CCOCC2)C1,22
CCOCC(=O)N1C[C@H]2[C@H](NC(=O)Cc3cnccc3C)[C@H]2C1,23
C[C@@H](c1nncn1C)N1CC(CNC(=O)CCc2cnn[nH]2)C1,23
Cc1ncoc1C(=O)N[C@H]1CN(Cc2ccccc2F)CC[C@H]1C,24
C/C(=C/CN(Cc1ccc([N+](=O)[O-])cc1)C(C)C)C(=O)O,21
CC(C)OCCNC(=O)C(=O)NCCc1cnn(C)c1,20
Cc1ccc(C(=O)NCCN(C2CC2)[C@@H]2CCN(C)C2=O)cc1,23
COc1cncc(C(=O)N[C@@H]2CN(C(=O)C(N)=O)C[C@H]2O)c1C,23
Cn1cc(C(=O)NC[C@@H]2CCN2C(=O)CC(N)=O)n(C)c1=O,22
CN(C(=O)CCN1CCCC1=O)[C@H]1CCN(CC(=O)N2CCC2)C1,24
CCc1nocc1C(=O)N[C@@H](C)C1CN(C(=O)CCC2CC2)C1,23
C[C@@H](c1ncccn1)N1CC(NC(=O)[C@@H]2COCCN2C)C1,22
N#Cc1ccc(N2CCO[C@H](c3ccc(F)c(Cl)c3)C2)cn1,22
CC[C@H](C[C@@H](C)CO)NC(=O)c1nc(Cl)ccc1Cl,19
C[C@@H]1CN(CCCO)C[C@H]1NC(=O)CN1CCOCC1=O,21
C[C@H]1OCC[C@@]1(C)C(=O)NCCNCC(=O)N(C)Cc1ccccc1,25
C[C@@H](CN(C)C(=O)CCCS(C)(=O)=O)N[C@H](C)c1ncccn1,23
Nc1cc(=O)[nH]c(SCC(=O)N2CCCc3ccccc32)n1,22
CN(C)C[C@](C)(O)CNC(=O)N[C@H]1CC(=O)N(C)C1,19
CC(C)C[C@H](C)N1CC[C@](C)(NC(=O)C(F)(F)F)C1,19
CC(=O)Nc1cccc(OC(=O)/C=C(\C)C2CC2)c1,19
C[C@@H]1[C@H](NC(=O)CNC(=O)C(C)(C)C)CCS1(=O)=O,19
COCCN(CCOC)S(=O)(=O)c1cncc(-c2nn[nH]n2)c1,23
CN(C)CCCn1cc(-c2cc3ccncc3cc2F)cn1,22
CCOC(=O)N1CCC([C@@H](C)N[C@@H](C)CCCOC)CC1,21
C#CCN1C(=O)CC[C@@H]2[C@H]1CCN2C(=O)Cc1n[nH]c2ccccc12,25
Cc1nn[nH]c1C(=O)NC[C@@H](O)CNc1cnc(F)cn1,21
CCN1CCOC[C@H]1C(=O)N[C@H]1C[C@@H](NC(=O)C2CCCC2)C1,23
CC(C)(C)CCN1[C@H]2CC[C@H]1CN(C(=O)c1ccc3cc[nH]c3n1)C2,25
COc1ccc(C(=O)NC2CN(Cc3ccc(F)cc3)C2)cc1,23
CCCC[C@H](NC(=O)[C@]1(C)CCc2ccccc2C1)C(=O)O,22
Cc1nc2cc(NS(=O)(=O)c3ccoc3)c(C)cc2s1,20
Cc1nc(CN[C@@H]2CN(C(=O)[C@H]3CC34CC4)C[C@H]2C)co1,21
COC(=O)c1cn([C@@H]2CCN(C(=O)C3[C@@H]4CCCCCC[C@@H]34)C2)nn1,25
CCN(C)c1ccccc1CNC(=O)CCn1cncn1,21
NC(=S)c1ccc(C(=O)N[C@H]2CC[C@H]3CC[C@H]2OC3)cc1,21
COC(=O)C[C@@H](NC(=O)Oc1ccc(OC)cc1)c1ccc(O)cc1,25
COc1cccc(CC(=O)N2CCOc3cc(C)ccc32)c1,22
C=C(C)CCN1C[C@H]2CCN(C(=O)c3ccc(C)o3)CC[C@H]2C1,23
CC(C)NS(=O)(=O)CCNC(=O)[C@H]1[C@H]2[C@@H]3C[C@@H]4[C@@H]5C[C@@H]([C@@H]2[C@@H]53)[C@@H]41,23
C[C@H](CNC(=O)C1CC(F)(F)C1)NC(=O)CN1CCN(C)C(=O)C1,24
Cc1cc(Cl)cc(CN[C@@H](CCO)C(F)(F)F)c1,18
Cc1cnccc1C(=O)N(C)CCN(C)Cc1nccnc1C,23
C[C@@H](CCCc1ccccc1)C(=O)N1CC[C@@H](NC(=O)CCCF)C1,25
Cc1ccsc1CNS(=O)(=O)CC1(C#N)CC1,17
CN(C)c1ccc(C(=O)N2CC(CNC(=O)[C@H]3COC(=O)N3)C2)nc1,25
CNC(=O)Cc1ccccc1-c1cnc2[nH]c(C)cc2c1,21
COC[C@H](C)C(=O)NC[C@H]1CCCN1C(=O)Cc1[nH]cnc1C,23
C[C@H]1C[C@@H]1C(=O)N[C@H]1CCN(CC(=O)Nc2ccon2)C1,21
CCc1cc(C(=O)N2CCC[C@@H]2Cc2ccc(F)cc2)n[nH]1,22
Cc1nc[nH]c1CNC(=O)[C@@H]1CC[C@H](C(=O)O)C1,18
CCN1CC[C@H](N2CC(NC(=O)[C@@H]3CC(=O)NC(=O)N3)C2)C1=O,23
C[C@@H](O)CNc1cc(N[C@H](C)c2c(F)cccc2F)ncn1,22
CN1C[C@H](CN2CCS(=O)(=O)C[C@@H]2C(=O)O)OC1=O,19
CC[C@H](OC)C(=O)N[C@@H]1CCCC[C@@H]1CN(CC)CC,20
CNC(=O)NCC(=O)N1CC[C@]2(CCN(C(=O)c3cn(C)nn3)C2)C1,25
CC1(C)CC[C@H](CNC(=O)c2cn(CCN)nn2)c2ccccc21,24
NC(=O)c1ccc(CN2CCN(C(=O)C[C@@H]3CC(=O)N3)CC2)cc1,24
C=C(C)Cn1c(Cc2ccco2)nnc1Nc1ccn(C)n1,22
O=C(CCCc1ccc(Cl)cc1)Nc1[nH]nc2nc(O)ccc12,23
CCN1C[C@@H](C)N(S(=O)(=O)N(CC)CCC#N)C[C@H]1C,20
COCCOc1ncccc1C(=O)NCc1ocnc1C(=O)O,23
CC(C)c1n[nH]c(CN[C@@H](C)CN(C)C(=O)c2cccn2C(C)C)n1,25
COc1cc(NC(=O)c2cnn3cc(C)cnc23)c(C)cn1,22
CCCCCN(CCO)C(=O)C(C)(C)c1cccc(OC)c1,22
Cc1c[nH]nc1C(=O)N[C@H](C)CCN[C@@H]1CCN(C)C1=O,21
CC(=O)NC1(C(=O)N[C@@H]2CN(CCOCCO)C[C@H]2C)CCCC1,24
CCCOC(=O)c1ccc(NCc2cc3n(n2)CCCC3)cc1,23
CO[C@@H](C)CN1CCN(C(=O)C2CN(C(C)=O)C2)CC1,20
COCCc1ccccc1NC(=O)N[C@H](C)C(=O)Nc1ccccc1,25
Cc1cc(C(=O)N[C@@H]2CN(Cc3cn(C)nn3)C[C@H]2O)ns1,22
Cc1nc(O)nc(O)c1CC(=O)N1CCC[C@H]2CN(CCO)C[C@H]21,24
CC(C)[C@@H](C)C(=O)N(C)CCN(C)C(=O)c1coc(C2CC2)n1,23
Cc1cccc(CN2CC[C@H]3CCN(C(=O)CC4CC4)C[C@H]32)c1,23
CN(C(=O)C(C)(C)C)C1CC(NC(=O)[C@H]2Cc3ccccc3O2)C1,24
Cc1ccc(F)c(CN2Cc3ccnn3CC[C@H]2CO)c1Cl,22
C=CCCN1CC[C@H]2[C@@H]1CCCN2C(=O)c1nnn(C(C)C)c1C,24
O=C(c1cccc2c1CCN2)N1CCc2c([nH]c3ccccc23)C1,24
O=C(c1cnon1)N1CCO[C@@H]2CN(C[C@H]3CCCOC3)C[C@@H]21,23
C=CCCC(=O)N[C@@H]1CN(C[C@@H](O)CN2C(=O)CCC2=O)C[C@H]1O,24
COCC#CCNCCCNC(=O)c1nc2ncc(C)cn2n1,23
O=C1CC[C@H](NC2CC(F)(F)C2)c2cc(F)ccc2N1,20
Cn1nnc2cc(C(=O)NC3CCc4ccccc4CC3)cnc21,24
Cc1ccn(C)c(=O)c1NC(=O)N1CC[C@H](S(N)(=O)=O)C1,21
C#CCN(C)CCCNC(=O)c1cnn(C[C@@H](O)CO)c1,21
COC(=O)[C@H]1C[C@H]1C(=O)NCC1(O)CN(C(=O)CC2CCC2)C1,23
CN(C)[C@@H](CNC[C@H]1C[C@H]2C=C[C@H]1C2)c1cccc(F)c1,21
CCN(CC(N)=O)C(=O)c1cccc(C(=O)O)n1,18
OC[C@@H]1CN2CCC[C@H]2CN1Cc1cccc2ncccc12,22
CC(=O)NCCCCCCNCC/C=C\c1ccccc1,21
COC(=O)c1ccc(NC(=O)NCc2snnc2C)nn1,21
COCCC(=O)NC[C@H](O)CNC(=O)[C@H](C)c1c(C)nn(C)c1C,24
C[C@@H]1C[C@H]2CCCC[C@H]2N1C(=O)[C@H]1CC[C@@H](CCC(=O)O)O1,22
CC(C)c1noc([C@H](C)OC(=O)CCC(=O)c2cnn(C)c2)n1,23
Cc1ccc(CO)cc1-c1cccc2c1OCCO2,19
C=CCOc1ccc(C(=O)N(C)c2ncccc2F)cc1,21
Cc1cc(NC(=O)NC2=CCOC2=O)ccc1Cl,18
CN1CCCC[C@@H]1C(=O)N[C@@H]1CN(C(=O)c2cnco2)C[C@H]1O,23
CSCC(=O)N1CCC[C@@]12CCN(Cc1cncn1C)C2=O,22
CN(C(=O)[C@@H]1COCCO1)C1CC(NC(=O)Cn2cncn2)C1,23
CCCN1CCC[C@H](NC(=O)c2n[nH]c(C)c2C)[C@@H]1C,20
C=CC(C)(C)C(=O)NC[C@H]1CC[C@@H](Nc2cccc(F)n2)C1,22
CCn1ccc(C(=O)N(C)[C@@H]2CCN(c3cnc(C#N)cn3)C2)c1C,25
CC1(C)CN(c2nc3sccn3c2[N+](=O)[O-])[C@@H]1c1ccncc1,23
O=C1NCC[C@@H]1C(=O)N[C@H]1CCCN(CCn2cccn2)CC1,23
O=C([C@@H]1COCCN1)N1CCN([C@H]2CCOC2)CC1,19
O=C(NCC(F)F)[C@@]12C[C@@H]1CN(CC1CCNCC1)C2,20
COc1nc(OC)c(SC)cc1Nc1cccc(C)c1N,21
C[C@H](NC(=O)N1CC(O)(C(=O)O)C1)c1nc(C(F)(F)F)no1,22
COCc1cc(CNC(=O)C[C@@H](N)C(C)(C)C)ccc1F,21
CC[C@H]1CCC[C@H](NC(=O)Cn2cc(C(C)=O)nn2)CC1,21
CCCNC(=O)c1ccc(NC(=O)c2ccnc(N)c2)cc1,22
COc1cccc(O)c1CNCCC1(CO)CC1,18
COC[C@@H](C)C(=O)N1CC[C@H](NC(=O)c2cc3ccc(C)cc3[nH]2)C1,25
CCn1ncc(CNc2ccc(OC)c(NC(=O)OC(C)(C)C)c2)n1,25
COCCn1cc(C(=O)O[C@H](C2CCC2)C2CC2)c(C)n1,21
CC1(C)CCC[C@@H]1CNC(=O)[C@@H](CO)NC(N)=O,18
COC(=O)c1nc(-c2cccc(S(C)(=O)=O)c2)ccc1OC,22
CC(C)CC(C)(C)C(=O)N[C@@H]1CCCN(c2cncc(C#N)n2)C1,24
CC[C@@H]1CN(C(=O)Nc2ncncc2OC)C[C@@H](CC)O1,21
C[C@@H]1CCCCN1CCCCNC(=O)N[C@@H]1CCCNC1,21
C[C@H]1C[C@@H]1C(=O)N[C@H]1CN(Cc2cc3ccccc3o2)CC1(C)C,24
C[C@@H]1CCCC[C@@H]1NC(=O)C(=O)N(C)Cc1c(F)cccc1Cl,23
CCOCCCNC[C@H]1CCN(C(=O)CNC(=O)CC)C[C@H]1C,23
CCc1cc(C(=O)N[C@H]2CCCN(CC(=O)NC)[C@@H]2C)n(C)n1,23
CC[C@@H](C)C(=O)N[C@H]1CCCN(C(=O)C2(NC(N)=O)CC2)C1,22
CCCCCN(CCO)C(=O)c1cnc(-c2ccco2)s1,21
CNC(=O)[C@H]1CCCN1Cc1csc(Nc2ccc(C)cc2)n1,23
C[C@H](OC(=O)CCc1ccccc1C(N)=O)c1ncc(Cl)n1C,23
C=CC(=O)N1CCC(C(=O)NCC(=O)OCC)(c2ccccc2)CC1,25
Cc1ncn(C)c1C(=O)N1CC[C@@H](NCCC2CC2)C1,20
COC(=O)C1CCC(NC(=O)[C@H](C)N(C)C)(C(=O)O)CC1,21
CC[C@](C)(OC)C(=O)N1CC[C@@H](Cc2ccccc2)[C@H]1C,21
C[C@@H](CNCc1cc2ccccc2n1C)CN1CCCC1,21
CCOCC(C)(C)NC(=O)NCc1cc(F)cc(OC)c1,21
Cc1ccc(F)cc1CN(C)CCNC(=O)[C@H]1CCNC(=O)C1,23
O=C(Cn1nccn1)N[C@H]1CCC[C@@H](NC(=O)Cn2cnnc2O)C1,25
O=C(N[C@@H]1CC12CCC2)C1([C@@H]2CCCCO2)CCC1,19
CC(C)(F)C(=O)N1C[C@H]2[C@H](NC(=O)CCN3CCOCC3)[C@H]2C1,23
CS(=O)(=O)Nc1ccc(C(=O)NCc2ccc(O)nn2)cc1,22
CCc1ccnc(CNC(=O)CC2=CCCCC2)c1,19
C[C@H]1C[C@H](CNC(=O)Nc2nc(C(C)(C)C)cs2)CCO1,21
C#C[C@@H](NC(=O)N[C@H]1CCOC1)c1ccc(Cl)cc1,19
O=C(NCCCN1CCCC1=O)c1nnn(-c2ccc(F)cc2)n1,24
CCCN1C[C@H]2[C@H](NC(=O)c3c(C)cccc3Cl)[C@H]2C1,20
CN1CC[C@H](C(=O)N[C@H]2C[C@H](NC(=O)C(N)=O)C2)C1=O,20
CCc1n[nH]cc1C(=O)N[C@@H]1CCN(Cc2nnn(C)n2)C[C@H]1O,24
CCn1cc(NC(=O)N(C)[C@H]2CCC[C@H](C)C2)cn1,19
COCC[C@@H](C)C(=O)NCCCN[C@H]1CCCNC1=O,20
C[C@H](NC(=O)CC(F)(F)F)C(=O)NCCNc1cc(F)ncn1,23
COC(=O)C[C@@H](NC(=O)CCCC1CCOCC1)c1ccncc1,24
CCN1C[C@H](C(=O)NC[C@@H]2COCCN2C(=O)COC)CC1=O,23
Cc1ncc(CN2C[C@H](O)[C@H](NC(=O)CCS(C)(=O)=O)C2)cn1,23
CN(Cc1ccccc1C#N)C[C@H]1CC(=O)N(C(C)(C)C)C1,22
Cc1ccccc1[C@H](O)CNC(=O)c1ccnnc1C,20
COCC(=O)NC[C@H]1CN(C(=O)C2CC(OC)C2)CCCO1,22
CCc1cc(=O)n2[nH]c(NC(=O)[C@H](C)n3cncn3)nc2n1,22
CCC(=O)N1C[C@H](CNC(=O)c2snnc2C)C[C@@H]1C,20
C[C@H]1[C@@H](NCCc2cnn[nH]2)CCN1C(=O)c1cnc(O)n1C,23
CNC(=O)[C@@H]1CN(C(=O)N[C@H]2CCOC2=O)CCO1,19
CCN(Cc1c(F)cccc1F)[C@@H](C)CS(C)(=O)=O,19
CC1(C)CCC[C@@H]1OC(=O)Cn1c(=O)cnc2ccccc21,22
C[C@H]1CCN(C(=O)C2CCOCC2)C[C@@H]1NC(=O)c1nnn(C)n1,24
COCc1csc(C(=O)NCCCNCc2nc(O)n[nH]2)c1,22
CN(C(=O)NC[C@@H]1CCCC(C)(C)C1)[C@@H]1CCC[C@H]1O,20
CSCC[C@H](N)C(=O)NCCN1CCN(C(C)=O)CC1,20
C[C@H](N[C@@H]1CCN([C@@H](C)c2ccccc2)C1)C(=O)OC(C)(C)C,23
COCC#CCN[C@H](C)CN(C)C(=O)c1cc(-c2nn[nH]n2)c[nH]1,24
C#CCNC(=O)CN1CCN(c2nc(C)cc(-c3nn[nH]n3)n2)CC1,25
CC(=O)c1ncc(C(=O)NC(C)(C)c2cn(C(C)C)nn2)s1,22
CCc1nc(CNC[C@@H]2CCN(C(=O)c3cnsn3)C2)no1,22
COC(=O)c1cnn(CC(=O)Nc2ccc(-c3ccc[nH]3)cc2)c1,24
CCCCc1noc(COC(=O)c2ccc3ncccc3c2)n1,23
O=C(Cn1ccnc1)N[C@H]1CCN(c2ccc(-c3nn[nH]n3)nn2)C1,25
Cc1cc(C(=O)N(C)CCCN(C)C(=O)C(F)=C2CCCC2)n[nH]1,24
CC[C@@H](C(=O)Nc1nc(C(C)(C)C)c(C(=O)O)s1)N(C)C,21
Cc1ccc(=O)n(CC(=O)NC2CN(C(=O)C(N)=O)C2)n1,21
COC(=O)N1CC(NC(=O)[C@@H]2Cc3cc(F)ccc3O2)C1,21
CCOc1cncc(CN(CC(F)F)C[C@H](C)O)c1,19
CO[C@H](C)c1nsc(NC(=O)NCC2(C(=O)O)CC2)n1,20
CCOC(=O)C1=C(N[C@@H]2CCNC(C)(C)C2)CCNC1,20
CC(C)c1cccc(OCC(=O)NC2CC(N3CCCC3)C2)c1,23
CC(C)(F)C(=O)N1C[C@@H]2CCC[C@]2(CNCCc2ccns2)C1,23
CC[C@]1(C(=O)N[C@H](CO)CC(F)F)CCNC1=O,18
O=C(Cc1cncs1)NC[C@]1(CO)CCc2ccccc21,21
C[C@H]1OCC[C@@]1(O)CNC(=O)NCC1(N)CCCC1,19
CCn1cc(C(=O)N[C@@H]2C[C@H]3CC[C@@H]2N3C(=O)[C@H]2CNC(=O)N2)nn1,25
CC1CCN(c2cccc(NC(=O)NCC[C@@H](O)C3CC3)c2)CC1,24
CO[C@H](C)C(=O)N1C[C@H](O)[C@@H](N(C)C(=O)c2ccnc(C)c2)C1,23
Cc1cc(NC(=O)CN(C)[C@H]2CCN(C(=O)C(N)=O)C2)on1,22
CCN1CC[C@H](NCC2(C(N)=O)CCOCC2)CC1=O,20
Cc1nc(C(=O)N2CC[C@@H]2CNC(=O)[C@H]2CCC(=O)N2)c(=O)[nH]c1C,25
CC[C@@H](CNC(=O)c1sc(C)cc1C)NC(=O)c1ccc(F)cn1,24
CC(=O)N1CCN(c2nc(=O)c(C(C)(C)C)n[nH]2)CC1,20
COC(=O)c1cc(C(=O)N[C@@H]2C[C@](C)(OC)C2(C)C)on1,21
CCCN1CC[C@H](NC(=O)c2cccc3oc(C)nc23)[C@H]1C,22
COc1ccc([C@@H](C)NC[C@H](O)COCC2CC2)cc1F,21
COC(=O)[C@H]1CNC(=O)CN1C(=O)[C@@H]1CCNC(=O)C1,20
CC[C@@H]1CO[C@H](C)CN1C(=O)C(=O)N[C@H]1CCO[C@@]2(CCOC2)C1,24
CO[C@@H]1CCC[C@H]1CNC(=O)C(=O)NCC1([S@](C)=O)CC1,21
COCCCCCSc1ccccc1-c1nn[nH]n1,19
CC(=O)NCCNC(=N)NCCCN1CCOCC1,19
CCN1C[C@@H](C(=O)NC[C@@H](O)C(=O)OC)CC1=O,18
CO[C@@H](C)CC(=O)N1CCN(CC[S@@](C)=O)CC1,18
CN(C(=O)[C@@H]1[C@H]2COC[C@H]21)[C@H]1CN(Cc2ccnn2C)C[C@@H]1O,23
CC(C)C[C@H](CNCc1nnn(C)n1)NC(=O)C1=CCCCCC1,24
Cn1ccc(CC(=O)N[C@@H]2CN(c3cncc(C#N)n3)C[C@H]2O)n1,24
Cc1cc([C@@H](C)N[C@H]2CCCCNC2)ccc1F,18
Cc1noc(CN[C@@H]2CCC[C@H](NC(=O)c3cncnc3)C2)n1,23
Cc1cc(C(=O)N[C@H]2CCN(C(=O)[C@H]3CCNC3=O)[C@H]2C)on1,23
CCCCCc1ccc(NC(=O)[C@@H]2CC[C@H](CN)O2)cc1,21
COc1ccc(C(N)=NOCc2ccccc2-c2nn[nH]n2)cc1,24
C[C@@H](CC(=O)N1CC(O)(CNC(=O)C2CCOCC2)C1)NC(N)=O,24
CCN(CC)C(=O)c1ccc(Cl)c(NC(=O)c2cc[nH]n2)c1,22
C#CCO[C@@H](C)C(=O)N1CCC[C@@H](NCCCCOC)C1,21
Cc1nc(SCC(=O)NCC(F)F)c2c(C)c(C)sc2n1,21
COCCN(C)CCNC(=O)N1CC[C@](C)(C(N)=O)C1,20
C[C@@](O)(CNC(=O)c1cc(F)ccc1-n1cccn1)C(=O)O,22
OC[C@H]1CN(c2noc3ccc(Br)cc23)C[C@H]1O,18
C[C@H](OC[C@H]1CCCO1)C(=O)N1CC[C@@H](C)C[C@H]1CN,20
Cc1nonc1C(=O)NC[C@H]1C[C@H](NC(=O)[C@@]2(C)CCC[C@@H]2C)C1,24
CCCCN(CC)C(=O)CN1C[C@@H](C)O[C@H](c2ccccc2)C1,23
Cc1ccc([C@@H](C)NC(=O)CSCc2cnn(C)n2)cc1C,22
CS(=O)(=O)C1(C(=O)N2C[C@H](O)[C@H](NC(=O)C(F)F)C2)CCC1,22
COc1cccc(OC)c1CC(=O)NCC(F)(F)Br,19
CCn1c(N)c(C(=O)CN(C)[C@H](C)CC#N)c(=O)[nH]c1=O,21
Cc1conc1C(=O)N1C[C@@H](NC(=O)COC2CCCC2)[C@H](C)C1,24
COC[C@H](O)CN[C@@H](C)CCNC(=O)c1nc2nccc(C)n2n1,24
Cn1cc(C(=O)N2CCN(CCNC(=O)COCC3CC3)CC2)cn1,25
C[C@@]1(C(=O)NC[C@@]2(O)CCN(C(=O)c3ncc[nH]3)C2)CCC(=O)NC1,25
Cn1c(C(=O)N2CCN(C3CCC3)CC2)cnc1Cl,19
CCN1CC[C@H]2[C@H]1CCCN2C(=O)c1nc(O)nc(O)c1OC,23
CC[C@](C)(NC(=O)N[C@H](CCOC)Cc1ccco1)C(F)(F)F,23
C=C(C)CCNC(=O)N[C@@H]1CCO[C@@H]1c1ccc(Cl)cc1,21
NCC(=O)N1CCC[C@H]1C(=O)N1CC[C@@]2(C1)CC(F)(F)CO2,22
O=C1[C@H]2CN(S(=O)(=O)C(F)(F)F)C[C@H]2CN1CC1CC1,20
N#Cc1cc(N[C@@H](CC(N)=O)C2CCCCC2)ncn1,20
C[C@H](N[C@@H]1CSC[C@H]1C)c1cc(F)cc(F)c1O,18
CCCCc1nc(COC(=O)c2ccnc(OC)c2)cs1,21
CCCCNC(=O)CN(C)S(=O)(=O)c1ccc(F)cc1,20
CCCC(=O)N1CC[C@@H]1CNC(=O)c1nn(CC)nc1C,21
COCC[C@H](C)S(=O)(=O)NCCCSc1ccccc1,20
COCCOC[C@H](O)CNCCNC(=O)Cc1cncnc1,22
C[C@@H]1[C@@H](NCCCO[C@@H]2CCCCO2)CCC[C@H]1C,19
Cn1cc(C(=O)NC2CN([C@H]3CCCNC3=O)C2)cn1,20
Cc1nnc([C@H](C)NCCNC(=O)[C@]2(C)CNC(=O)C2)o1,21
Cc1cc(Br)cc(O[C@@H](C)C2CCNCC2)n1,17
CCc1cc(C)c(C(=O)N2CCC[C@H]2CNC(=O)[C@@H]2C[C@H]2CC)o1,24
CCCC(=O)N1C[C@H]2[C@H]3CC[C@@H]([C@H]2C1)N(Cc1ccc(C#N)cc1)C3,25
O=C(CN1CCOCC1)NCCN(C(=O)c1cnnc(O)c1)C1CC1,25
CC(=O)N[C@@H](CC(=O)N1CC(CNC(=O)[C@H](F)C(C)C)C1)C(N)=O,24
CCN(C(=O)[C@H]1CCC(=O)C[C@H]1C)c1ccc(F)cc1,20
CON1CCC(N(C)C(=O)Cn2cc(C(=O)O)cn2)CC1,21
Cc1cc[nH]c1C(=O)NCCCN(C(=O)OC(C)(C)C)C(C)C,23
Cn1ccnc1CNC(=O)CN1CCS(=O)(=O)CC1,19
Cc1cc(OCC(=O)N=C2C[C@@H](C)ON2)ccc1C(C)C,21
O=C1C[C@@H]2C[C@@H](N3CC(Oc4ccc(F)cc4)C3)C[C@@H]2C1,21
O=C(O)[C@@H]1CC[C@@H]1S(=O)(=O)N[C@@H]1CCC[C@@H]1C1CC1,19
CCc1cc(CC(=O)N2CCN(CC(=O)O)CC2)n(C)n1,21
CCN[C@@H]1CN(C(=O)c2ccccc2C)C[C@H]1c1ccccc1,23
O=C(/C=C\c1ccc(Cl)s1)NCc1cnn2ccccc12,21
C=CCCC(=O)N1CC[C@@H](C)C[C@H]1CNC(=O)C1CC1,20
CC(C)c1cnc(NC(=O)C(=O)N[C@@H](C)CC(F)(F)F)s1,21
CCNC(=O)CNC[C@@H](O)CN(C)C(=O)Cc1n[nH]c(C)n1,22
C#CC(=O)N1CC[C@@]2(C1)CN(C(=O)c1ccc(C)c(C)n1)CCO2,24
CCN(CC)[C@@H]1CCN(C(=O)C(=O)N(C)C[C@@H](C)C#N)C1,21
C[C@@H]1CCC[C@@H](C(=O)N2C[C@H]3CN(C(=O)c4ccncn4)C[C@H]3C2)C1,25
Cc1coc(C)c1C(=O)N1c2ccccc2C[C@H]1C,19
CCc1occc1C(=O)N(C)[C@H](CNCc1cnsn1)C1CC1,23
Cc1cnc(C(=O)N[C@H]2CCOC3(CCOCC3)C2)cn1,21
Cc1ncc([C@@H](C)NC(=O)NCc2ncn(C)n2)s1,19
COC[C@H](NC(=O)C1=NO[C@H](c2ccccc2)C1)C(C)C,21
N#C[C@]1(F)CCN(C(=O)C(=O)Nc2ccccc2CC(=O)O)C1,23
CC(C)[C@@H]1CN(C(=O)NCCS(=O)(=O)N(C)C)CCO1,20
CC(=O)N(C)CC(=O)NCC1(NCCN2C(=O)CNC2=O)CCC1,24
C#CCNC(=O)[C@@H](C)NCCNC(=O)[C@H]1CCCc2nccn21,23
CC(C)c1ccc(OCC(=O)N(C2CC2)C2COC2)cc1,21
CCc1cnc(CN2CC(NC(=O)[C@H]3COC(=O)N3)C2)o1,21
Cc1n[nH]cc1C(=O)N(C)C1CC(NC[C@@H](C)CC(C)C)C1,22
C[C@H](c1ccc(Cl)c(Cl)c1)N(C)CC(=O)NC1CCOCC1,22
O=C(Cc1ncc[nH]1)N[C@@H]1COC2(C1)CN([C@@H]1CCNC1=O)C2,23
CN1C(=O)CC[C@H]1C(=O)NCc1ccc([C@@]2(C)NC(=O)NC2=O)cc1,25
CCCc1ccc(C(=O)N[C@H](CC)C[C@@H](C)CO)s1,19
O=C(C[C@H]1CCCC[C@@H]1O)N1Cc2cccc(F)c2C1,20
O=C(N[C@H](CO)CC1CCC1)c1cc(Cl)ccc1F,19
COCCO[C@@H]1C[C@@H](CO)CN(C(=O)/C=C(/C)C2CC2)C1,21
Cc1cc(C(=O)OCc2c(F)cccc2F)nn1C(C)C,21
C=C(C)C(C)(C)C(=O)NC[C@]1(O)CCN(C(=O)c2ccnnc2C)C1,25
COC(=O)c1ccc([C@H](C)OCc2ccoc2)cc1,19
CCCC1(CNC(=O)N2C[C@H]3CC[C@@H](O)[C@H]3C2)CC1,19
Cc1sc(C(=O)NCCCNC(=O)C2CCC2)nc1O,20
Cc1ccc(C(=O)NCCc2cccc(Cl)c2)o1,18
O=C(NCCCc1ccccc1F)C(=O)N[C@@H]1CCS(=O)(=O)C1,23
CNS(=O)(=O)CC(=O)NCC1CN(C(=O)CCc2cnn[nH]2)C1,23
Cc1ccc2c(CCNCc3cncs3)c[nH]c2c1,19
CN(C[C@@H](O)CNc1cnc(C#N)cn1)C(=O)C1CS(=O)(=O)C1,23
COc1cc(CCC(=O)NCCn2ccnn2)on1,19
C[C@@H](CNCC(=O)NC[C@@H]1CCCO1)NC(=O)c1cn[nH]c1,22
CNC(=O)CNC(=O)C(=O)Nc1cnn(-c2ccccc2F)c1,23
COc1nc(C)ccc1Nc1ccc(CN(C)C)cc1,20
Cn1cc(C(=O)NC[C@@H](NCC(=O)NC2CC2)C2CC2)cn1,22
Cc1ncccc1CN1CC[C@@]2(CCN(C(=O)[C@H]3C[C@@H]3C)C2)C1,23
CCOc1nc2ccc(C(=O)N3CC(OC)C3)cc2[nH]1,20
O=C(O)CC[C@@H]1CCCCN1C(=O)[C@H]1C[C@H](c2ccccc2)OC1=O,25
CNC(=O)CCCN(C)Cc1ccccc1N1CCO[C@H](C)C1,23
CO[C@]1(C(=O)N2CCC[C@H](S(C)(=O)=O)C2)CCS(=O)(=O)C1,21
Cc1cc(C)cc(CN2CC[C@@H](NC(=O)C(C)(C)C(N)=O)[C@@H](O)C2)c1,25
Cc1ccc(CC(=O)N2CCC[C@H](N[C@H]3CCNC3=O)C2)cc1Cl,24
CS(=O)(=O)CC1(CNC(=O)c2cccc(F)c2F)CC1,20
Cc1ncc(C)c(N2CCO[C@H](CNC(=O)C=C3CCCCC3)C2)n1,25
Cc1ccc(S(=O)(=O)N(C)Cc2ccccc2C)c(F)c1,21
COc1ccc(OCCNC(=O)C(=O)NC[C@H](OC)C(C)C)cc1,24
CCC(=O)N1CCC[C@H](CCNc2ncnc3sc(C)cc23)C1,23
C[C@@H](Cc1cnn(C)c1)C(=O)N(C)CCNC(=O)C1=CCCC1,23
CNC(=O)CC(=O)NC[C@H]1COCCN1C(=O)c1cc(C#N)c[nH]1,24
CC(=O)NC1CCN(C(=O)N2CCCC[C@@H]2C)CC1,19
CN1C[C@@H](C(=O)NCC2(NC(=O)c3cn(C)cn3)CC2)CC1=O,23
Cc1conc1C(=O)NC1CN(C(=O)[C@@H](C)Cc2cnc[nH]2)C1,23
CC(C(=O)N1C[C@@H](C(=O)O)C[C@@H](O)C1)=C1CCC1,18
O=C(NCCCNc1ccccn1)[C@]12CCC[C@H]1C2,19
C[C@@H](C(N)=O)N1CCC2(CN(C(=O)C[C@@H]3CC(=O)NC3=O)C2)C1,23
COCCCOc1ccccc1NC(=O)C1CSC1,19
Cc1cc(C(=O)NC[C@@]2(C)CCN(C(=O)c3ccco3)C2)n(C)n1,24
CCOC(=O)c1nc(Cl)nc(Cl)c1N(CC)CCC#N,20
Cc1c[nH]c(C(=O)N2CC[C@H](NCc3c(C)cccc3C)C2)n1,23
CCC(=O)NC[C@H](O)CN(C)C(=O)CCc1cnc[nH]1,20
CN(c1nnnn1C[C@H]1CC[C@H](C(N)=O)O1)C1CC1,19
O=C(Cn1cc(C(=O)O)c2ccccc21)NC1(C2CC2)CCC1,23
COc1nc(C)ccc1C(=O)NC[C@H](C)N(C)[C@H](C)c1ncc(C)o1,25
S=C(NCc1cc2ccccc2o1)NCC1CCC1,19
O=S(=O)(N1CCOCC1)N1CCN(Cc2cccnc2)CC1,22
COc1cc(OC)c(NC(=O)C(=O)N2C[C@@H](O)C[C@@H]2CO)cc1F,24
C[C@H](NC(N)=O)C(=O)NC1[C@H]2CN(Cc3cnon3)C[C@H]12,21
C[C@@](O)(CNC(=O)COc1ccc(C#N)cc1)CN1CCOCC1,24
COc1ccc(CC(=O)N[C@@H]2[C@H]3C[C@H]2N(C(=O)C(C)(C)C)C3)c(C)c1,25
CN(C)CCCC(=O)NCCNC[C@@H](O)Cc1ccc(F)cc1,23
COc1cc(CN2C[C@@H]3C[C@H]2CN3C(=O)Cn2cnnn2)on1,23
O=C(c1ccnnc1)N1C[C@@H]2CCC[C@H](C1)N2C[C@@H]1CC[C@@H]2C[C@H]2C1,25
CCc1ccccc1CNC[C@@H](O)CNC(=O)CNC(C)=O,22
COc1ccccc1CCC(=O)NC[C@H](NC(C)=O)c1ccccc1,25
CC(=O)Nc1c[nH]c(C(=O)NCC2(O)CCC2)c1,18
C[C@H](NC(=O)NC[C@@H](C)CO)c1ccc(-n2ccnn2)cc1,22
CC[C@](C)(CNS(=O)(=O)c1ccc(C)nc1)OC,18
CCSc1cccnc1-c1noc([C@H](C)C(=O)O)n1,19
Cn1nccc1CC(=O)N[C@@H]1CCN(C(=O)c2nc[nH]n2)C[C@@H]1O,24
C[C@@H](NC(=O)c1c[nH]nc1-c1ccco1)[C@H]1CCCOC1,21
COC(=O)c1ccc([N+](=O)[O-])c(OCC(=O)N(C)C)c1,20
CC(=O)N[C@H](C)C(=O)N1CC[C@@H]1CNC(=O)c1ccc2nn[nH]c2n1,25
CCCC1(C(=O)N2CC[C@@H]([C@H](C)NCc3nnc(C(C)C)o3)C2)CC1,25
O=C(N[C@@H]1CC12CCN(CC1CC1)CC2)C1(F)CCCCC1,22
CCOCC1(C(=O)NC[C@@H]2CCN2C(=O)CC)CC1,19
N#C[C@H]1CN(CCS(=O)(=O)CCN2CCO[C@@H](C#N)C2)CCO1,23
Cc1cccc(S(=O)(=O)Oc2cnccc2C(=O)O)c1,20
C[C@@H]1CN(C(=O)CNC(N)=O)C[C@H]1NC[C@@H]1CCc2ncnn21,23
O=C1CCCN1CC(=O)N1CCCO[C@@H](CNC[C@H]2CCOC2)C1,24
CC1CC(NC(=O)c2cc(-c3ccccn3)no2)C1,19
C[C@H]1CC[C@H](CC(=O)N2C[C@@H]3CC[C@H](C2)N3Cc2ccccn2)C1,24
CC[C@@H](CNC(=O)CCn1ncn(C)c1=O)NCc1cnnn1C,24
CC[C@@H]1C[C@H](CC(=O)O[C@@H](C)c2cn(CC)nn2)CCO1,21
CO[C@H](C)CC(=O)NC1CN(C(=O)c2cc3c(C)c(C)ccc3[nH]2)C1,25
CCC(=O)N[C@H]1CC12CCN(CC(=O)NC(=O)NC)CC2,21
Cc1nc(C(=O)N2CCC[C@@H]2CN(C)Cc2ccccn2)c(C)s1,24
CC[C@@H]1CCCCN1C(=O)[C@H](C)S(=O)(=O)c1ccc(C)cc1C,23
Cc1ncsc1C(=O)N[C@@H]1CC[C@@H](C)N(C(=O)Cc2cc[nH]n2)C1,24
COc1cc(C)sc1C(=O)N1CCC[C@H]1CNCC(=O)N(C)C,23
Cc1cc(C(=O)N2C[C@@H](NCc3ccccc3)[C@H](C)C2)nn1C(C)C,25
O=C(C(=O)N1C[C@H]2COC[C@H]2C1)N1C[C@@H](O)[C@H](CO)C1,20
O=C(Cc1ccc2c(c1)OCCO2)NC1Cc2ccccc2C1,23
CC[C@H](F)C(=O)N(C)CCN1CCN(C(=O)c2nocc2C)CC1,24
Cc1nnc([C@H](C)N[C@H]2CCNCC(C)(C)C2)s1,18
CCc1ccc(C(=O)N(C)C[C@@H]2CCN(C(=O)C(CC)CC)C2)o1,24
CNC(=O)Cc1noc(-c2sccc2-c2ccc(C)cc2)n1,22
CCc1ccc(NC(=O)Cc2c(C)nn(C)c2C)nc1,20
CN1C[C@H](C(=O)N2CC[C@H](NC(=O)Cc3nc[nH]n3)C2)CCC1=O,24
Cc1ccc(CN2CCC[C@](O)(C(F)(F)F)[C@@H](C)C2)c(N)n1,22
Cn1cc(NC(=O)c2ccnc(-c3nn[nH]n3)c2)cc1C(N)=O,23
CCc1ocnc1C(=O)N(C)[C@@H]1CCN(S(C)(=O)=O)C1,20
CC[C@@H](NC(=O)C(=O)N[C@@H]1C=CCC1)c1ccccc1OC,22
CC[C@H](CNC(=O)CN1CCS(=O)(=O)CC1)NC[C@@H](C)O,21
COC(=O)[C@H]1CN(C(=O)[C@H]2CCCOC2)CCO1,18
C=CCSCCNC(=O)N1CCC[C@H]1c1ccc2c(c1)OCCO2,24
CNC(=O)CN[C@H]1C[C@@H](CNC(=O)CCCn2cncn2)C1,22
CCCCc1noc(CN(CC)[C@H](C)CNC(=O)C2(CF)CC2)n1,24
Cc1csc2ncnc(N[C@H](C)c3nc(C(=O)O)cs3)c12,21
COCCNS(=O)(=O)c1cccc(NCc2ccccn2)c1,22
Cc1cccc(C)c1NC(=O)CN(C)C(=O)c1ccc([N+](=O)[O-])s1,24
CNC(=O)NCC(=O)N[C@@H]1CN(CC[C@@H](C)F)C[C@@H]1O,20
COC[C@@H](O)CNC(=O)C(=O)Nc1cccc2c1OCC(=O)N2,23
C[C@H](NC1CCC(NC(=O)CCc2ccn(C)n2)CC1)C(N)=O,23
CCCc1nc(C)c(CNC(=O)NC2CCN(CC#N)CC2)o1,23
O=C(NC[C@@H]1CCC=CO1)c1cnc2ccc(F)cc2c1,21
CC(C)(C)NC(=O)[C@]12C[C@H]1CCN2C(=O)C[C@H](O)c1ccccc1,24
CCCN1C[C@@H](C(=O)NCC2CN(C(=O)Cc3nc[nH]n3)C2)CC1=O,25
Fc1cccc(Cl)c1CN1CC[C@H](N2CCCC2)[C@@H](F)C1,21
Cc1c(C/N=C(/O)c2cnn(C(C)(C)C)c2C(F)(F)F)cnn1C,24
C#CCN(Cc1cc(C(=O)OC)c2n1CCCC2)CC1CC1,22
C=CCC(CC=C)C(=O)NCC1(O)CN(C(=O)c2cnco2)C1,23
Cc1ccc(-c2nn[nH]n2)c(N[C@@H]2C[C@]2(C)C(C)C)n1,20
O=C(N[C@@H]1C[C@H]2CC[C@@H]1N2C(=O)C1(F)CCCCC1)C1CC1,22
C=C[C@](C)(CC)C(=O)N1CC[C@H]2[C@H](CCCN2C2CC2)C1,21
COCC#CCN(C)[C@H]1CCN(C(=O)[C@H](CC2CCCC2)C(C)C)C1,25
CN1CCN(C(=O)CCNC(=O)N(C)C[C@H](O)C(F)(F)F)CC1,23
OC[C@@H]1CC[C@@H](CO)N1Cc1c(F)c(F)c(F)c(F)c1F,21
CC[C@@H](C(=O)N1[C@H]2CC[C@@H]1C[C@H]2NC(=O)C1(C2CC2)CCC1)N(C)C,25
CCCNC(=O)CN1CC[C@](C)(NC(=O)CCC(C)C)C1,21
CN1CCO[C@H](C(=O)N2C[C@H]3[C@@H](O)CC[C@H]3C2)C1,18
C=CCN1CC[C@H](N(C)C(=O)c2c(O)cccc2OC)C1=O,22
NCCn1cc(C(=O)NC[C@H](N)c2ccccc2)nn1,20
O=C(N[C@@H]1C[C@H]1Cc1ccccc1)c1cc(F)ccc1[N+](=O)[O-],23
COCC[C@H](C)OC(=O)c1ccc(CN2CCCCC2=O)cc1,23
CN(CC(N)=O)C1CCN(C(=O)Cn2c(O)nnc2O)CC1,22
CC[C@H](C)n1ncc(NCc2cc(F)ncc2F)c1C,20
CCc1noc(C)c1C(=O)N[C@@H]1[C@H]2C[C@H]1N(c1ccc(C#N)nc1)C2,25
C[C@@H](NC(=O)N1CCC[C@@H]1c1nc2ccccc2s1)C(=O)N(C)C,24
O=C(NCc1cnn(Cc2ccccc2)c1)c1n[nH]c2c1CCC2,24
CC(F)(F)CC(=O)NCC1CC(NCc2nc3c(o2)CCCC3)C1,24
C[C@H](NCc1ccon1)[C@H]1CCCCN1C(=O)c1ccc(F)s1,23
O=C(N[C@H]1CCCN(C(=O)C2CCCCCCC2)C1)c1ccns1,24
Cc1nnc(CNC[C@H]2C[C@H](NC(=O)[C@@H]3CCCCC3(C)C)C2)o1,24
NC(=O)[C@@H]1CC[C@H](C(=O)OC2CCN(CC(F)(F)F)CC2)O1,22
CCc1nn(C)cc1CNC(=O)C(=O)N1CCNC[C@H]1C,21
CCn1ccnc1C(=O)N1C[C@@H](NC(=O)CC2CC2)CC[C@H]1C,23
Cc1nnccc1C(=O)N1CC[C@H](NC(=O)[C@@H](C)n2cncn2)C1,24
O=C(NC[C@H]1CCCN1C(=O)Cn1cnnc1O)c1cnnc(O)c1,25
Cc1cc(CN2C[C@@H](O)[C@H](NC(=O)c3cnn4c3OCCC4)C2)no1,25
C[C@]1(NC(=O)C(F)(F)F)CCN(C(=O)[C@@H]2CCC(=O)N2)C1,21
C[C@H]1C[C@@H](C)CN(C(=O)[C@@H](C)N2CCO[C@H](C(N)=O)C2)C1,21
CC(C)[C@H]1CC[C@H](C(=O)N[C@H]2C[C@H](NC(=O)C(N)=O)C2)CC1,22
CCc1noc(C)c1CN[C@@H](C)CNC(=O)c1ncccc1C,23
CCn1nc(-c2c(C)cc(F)cc2Cl)ccc1=O,18
CC(=O)N[C@@H](C)C(=O)N1CCN([C@@H]2CCN(C)C2=O)CC1,21
CNS(=O)(=O)CC(=O)Nc1cc(C)cc(C(N)=O)c1,19
Cc1cc(S(=O)(=O)NC[C@H]2CC[C@H](C)NC2)ccc1Cl,20
COC(=O)C1(c2ccc(Nc3cc4n(n3)CC(F)(F)CO4)cc2)CC1,25
O=C(COCC1CCCC1)NC[C@H]1C[C@@H](NC(=O)C2CC2)C1,22
CNC(=O)c1cc(Cl)nc(N[C@H](C)[C@@H]2CNCCO2)n1,20
CCCN1CC(N2C[C@H](NC(=O)[C@@H](CC(C)C)C(N)=O)CC2=O)C1,24
Cc1noc(CN2CCC(NC(=O)c3cncnc3C(C)C)CC2)n1,25
CC(C)C(=O)N1CCC2(CCN(C(=O)c3occ4c3CCC4)C2)CC1,25
CNC(=O)[C@@H](C)N1CC(NC(=O)Cn2ncn3nccc3c2=O)C1,24
NC(=O)C[C@@H]1CCCN(CC(=O)Nc2nccs2)CC1,20
CC(F)(F)CC(=O)NCC1(O)CN(CCS(C)(=O)=O)C1,20
CO[C@@H](C)CCC(=O)N[C@@H](C)CCNC(=O)CN1CC(=O)NC1=O,24
O=C1CCC[C@H](C(=O)N2CC[C@@H](NCc3nccn3C(F)F)C2)N1,24
COCCOCCOCCS(=O)(=O)NCc1cc(C)ccn1,22
Cc1ncoc1C(=O)N[C@H](CNC(=O)[C@@H]1C[C@H]1C1CCC1)C(C)(C)C,25
CN(Cc1ccc(C(=O)O)cc1)S(=O)(=O)c1sccc1Cl,21
CCN(C)C(=O)CN1C[C@@H](NC(=O)Cc2ccc(OC)cn2)[C@H](C)C1,25
CC(C)[C@@H]1CN(C)CCN1C(=O)[C@H]1CCNC1=O,18
COc1ccc(COCC(=O)N2CC[C@H]3C[C@@H]3C2)cc1,20
CN(C)C(=O)c1ccc(N[C@@H]2CCO[C@H](c3ccc(F)cc3)C2)nc1,25
Cc1ccnc(O[C@@H]2CCN(C(=S)Nc3ccccc3C)C2)n1,23
CN1CCO[C@@H](C(=O)N[C@@H]2CN(C(=O)c3cccn3C)C[C@H]2O)C1,24
Cn1c(C(=O)N[C@@H](CO)[C@@H](O)c2cccnc2)ccc1-c1nn[nH]n1,25
CCOCC(=O)NC[C@]1(O)CCN(C(=O)[C@H](F)C(F)(F)F)C1,22
C[C@@](CC(=O)O)(NCc1ccncc1C#N)c1cccc(F)c1,23
CCCN(C)CC(=O)NCC1(O)CN(C(=O)c2cncc(CC)c2)C1,25
COCCC[C@@H](C)C(=O)OCC(=O)c1ccoc1,18
C=CCOCC(=O)NCC[C@@H]1CCN(C(=O)[C@@H]2CNC(=O)N2)C1,23
C#C[C@H](C)N(C)CN1C[C@](C)(c2ccccc2F)C1=O,20
CC(C)N(C(=O)CN(C)C(C)(C)CO)C1CCCC1,19
CCc1cccc(CN2C[C@H]3[C@H](NC(=O)C4(C(C)C)CC4)[C@H]3C2)c1,24
C[C@@H](NC(=O)Cc1cncn1C)C1CN(CCNC(=O)C2CC2)C1,24
COc1ccccc1C(=O)NC[C@@H](C)N(C)C(=O)CCc1ccco1,25
Cc1ncoc1C(=O)N[C@@H]1CN(CC2CC(F)(F)C2)C[C@@H]1O,22
COCC#CCN[C@@H]1CCCN(C(=O)[C@H]2CCCc3cccnc32)C1,25
Cc1c(F)ccc(-c2noc(C[C@H]3CCOC3)n2)c1F,20
CCc1cc(NC(=O)[C@@H]2CCCCCC[C@H]2N)nc(C)n1,21
CCOC(=O)CCNC(=O)CN1CCNC(=O)C1,18
Cc1nnsc1C(=O)N[C@H]1CCN(Cc2nnnn2C)C[C@@H]1O,23
O=C(NCC(=O)N1CCNCC1)C(=O)N1CCC[C@@H](O)C1,21
CC[C@@H](CNC(=O)c1ccc(F)cc1F)NC(=O)[C@]1(F)CCOC1,24
CCn1nncc1C(=O)NCC1(O)CN(C(=O)CSC)C1,21
Cn1nnc(C(=O)N[C@@H]2CCN(c3cnc(C#N)cn3)C[C@@H]2O)n1,24
CN1CCC(C(=O)N[C@@H]2CN(C(=O)c3cnon3)C[C@H]2O)CC1,23
CN1CC[C@H](CC(=O)N(C)C2CN(CC(N)=O)C2)C1=O,20
CO[C@H](c1noc([C@H]2CCO[C@@H]2C)n1)c1ccccc1Cl,21
Cc1cccc(Cl)c1S(=O)(=O)N1CC[C@H]2O[C@@H](C)C[C@H]2C1,21
CCCN[C@H]1C[C@@H](CNC(=O)Cn2ccc(O)nc2=O)C1,21
CCOc1cccc(CN2CC[C@](C(=O)OC)(c3ccccc3)C2)c1,25
CCN(CCNC(=O)c1ccnc(N(C)C)c1)C(=O)[C@H]1C[C@@H]1C,23
Cc1coc(C)c1C(=O)NCC1CN(CCC2CCOCC2)C1,23
CC[C@H]1CN(Cc2nc3ccc(OC)cc3s2)C[C@@H](C)O1,21
Cc1cc(C(=O)N[C@H]2C[C@H](Nc3cnc(C#N)cn3)C2)n(C)n1,23
CC(=O)N(CCC(=O)N1CC[C@@H](C2CCCC2)C1)Cc1ccccc1,25
CN(Cc1ccccc1CNC(=O)/C=C/C1CC1)C(=O)c1ccc[nH]1,25
C[C@@H](Cc1ccncc1)NC(=O)c1ccccc1CN1CCOCC1,25
O=C(NC[C@H]1COCCO1)C(=O)N1CCN2CCC[C@H]2C1,21
CON1CCC(N[C@H]2CCC[C@H](CC(C)C)C2)CC1,19
CCOC(=O)CN(CCC(=O)O)Cc1ccccc1,19
COC[C@H](C)CNC(=O)C(=O)NCc1cnn(CC2CCC2)c1,23
CC(C)(C)c1coc(NC(=O)c2ccnn2C(F)F)n1,20
CCC(=O)NCC(=O)NC[C@@H]1CN(C(=O)CC)CCCO1,21
C[C@@H](c1ccccc1)[C@@H](O)CNC(=O)Nc1nn(C)cc1C#N,23
O=C1CC[C@H](C(=O)NC2CN(C(=O)Cn3nccn3)C2)CN1,22
CO[C@@H]1[C@@H]2C[C@@H]3[C@@H]1N(c1nc4ccccc4nc1C)C[C@@H]3C2,22
N[C@H]1CN(C(=O)c2sc3cc(F)ccc3c2Cl)CC12COC2,22
C=C[C@](C)(O)C(=O)NC[C@H]1CCCN(C(C)C)C1,18
C[C@H](OCCc1ccccc1)C(=O)NCCN1CCNC1=O,22
CN1C(=O)NC2(CCN(C(=O)[C@H]3CCCO3)CC2)C1=O,20
CC1(C)CCC[C@@H](CNS(=O)(=O)N=S2(=O)CCCC2)C1,20
CCCCOC[C@@H](O)CNc1c(C)cc(O)cc1C,19
CN(C)CCC(=O)NCCC1(CNCCC2CCCC2)CC1,22
CC(C)Oc1ncc(C(=O)NC[C@]2(O)CCSC2)cc1Cl,21
NCCCCNC(=O)N1CCN(S(=O)(=O)c2ccccc2)CC1,23
CN1CCOC[C@H]1C(=O)NC[C@@H]1CCN1C(=O)C(N)=O,20
C[C@H](NC(=O)c1cc(F)ccc1Br)[C@@H](C)C(=O)O,18
CN1C(=O)NC[C@@H]1C(=O)N1C[C@H]2COC[C@]2(C(=O)O)C1,20
Cn1ncc(C(=O)N2CCC(NC(=O)C(F)F)CC2)c1N,21
CC1(C(=O)N2CC[C@H](NC(=O)c3ccoc3)[C@H](O)C2)CCCC1,23
CC1(CC(=O)N2CC(CNC(=O)c3ccnn3CC3CCC3)C2)CC1,25
CCCOCC(=O)N[C@@H]1[C@H]2CC[C@H]1N(C(=O)Cn1cccnc1=O)C2,25
Cc1[nH]ccc1C(=O)N1CCC[C@@H](CNC(=O)[C@@H]2CC2(F)F)C1,23
CCC1(CNc2nc(C(C)(C)C)nc(C)c2C)COC1,20
CC(C)CN(CCC(=O)O)C(=O)[C@H](C)n1cnc2ccccc21,23
CCC(=O)N[C@H]1CCN(CC(=O)NCCCOC(C)C)C[C@H]1O,23
NCc1nc(CC(=O)Nc2cccc3c2OCC[C@@H]3O)cs1,22
CC(=O)N1CCC[C@@H]1C(=O)N1C[C@H](C)N[C@@H](C)C1,18
Cc1cc(C(=O)O[C@@H](C)c2nc(-c3cccnc3)no2)oc1C,23
C[C@@H](CCN1CCN(C)CC1)N[C@@H]1CCCc2cccnc21,22
CCC(=O)N[C@H](CN[C@@H](C)c1nc(C(C)C)no1)C1CCCC1,23
C[C@H](Nc1ncc(C#N)cc1F)[C@H]1CCN(C(=O)C2CCC2)C1,23
COc1ccc(CNC(=O)[C@H](C)N(C)CC(F)(F)F)cc1C(=O)O,24
CNC(=O)CN[C@H](C)[C@@H]1CCCN(C(=O)Cn2cnnn2)C1,22
CCOC(=O)[C@@H]1C[C@H]1C(=O)N1CCO[C@@H](c2ncon2)C1,21
C[C@H](c1ccccc1)N(CC(N)=O)C(=O)Cn1ncnn1,21
O=C(Cn1ncnn1)NC/C=C\CNCCN1C(=O)CNC1=O,23
C#CCNC(=O)CC(=O)NC[C@H]1CN(c2cc(F)ncn2)C[C@@H]1O,24
CC(=O)Nc1ccccc1CNC(=O)N[C@H]1C[C@H]1Cc1ccccc1,25
CCOCC(=O)NC[C@@]1(C)CN(C[C@@H](C)O)CCO1,19
O=C1C[C@H](C(=O)N(C[C@@H]2CCCO2)[C@H]2CCS(=O)(=O)C2)N1,21
CC[C@@H](C(=O)NC[C@@H](CO)Nc1nccnc1C#N)N(C)C,22
CNC(=O)[C@@]1(C)CCN(C(=O)C(=O)N2CCN(C)C(C)(C)C2)C1,23
Cc1nn[nH]c1C(=O)N[C@@H]1CN(C(=O)C2(C(N)=O)CC2)C[C@@H]1C,23
CSc1ccc(Nc2onc(C)c2C(N)=O)c(C)c1,19
COC(=O)C[C@@H]1CSCCN1C(=O)c1ccc2nccn2c1,22
O=C(CCn1cc[nH]c(=O)c1=O)N1CC[C@@H](n2cncn2)C1,22
C=C(C)CN1CC[C@]2(CCN(C(=O)c3ccc(C)nn3)C2)C1,22
C#Cc1ccc(CN[C@@H](C)c2cnn(CC)c2)cc1,19
COCc1nc(C(=O)N[C@@H]2CCc3cn(C(C)C)nc3C2)no1,23
Cn1ccnc1CN1CCCC[C@H]1CNC(=O)[C@@H]1CC12CCC2,23
CN1CC[C@@H](N(C)C(=O)c2nc(O)nc(O)c2N)C1=O,20
C[C@H]1CO[C@H](C(=O)N[C@H]2[C@@H]3CN(C(=O)c4c[nH]c(=O)cn4)C[C@@H]32)C1,24
Cc1cc(C(=O)N2CC[C@](O)(CNC(=O)c3cnnn3C)C2)ncn1,25
CC(C)Sc1ccccc1C(=O)N1CCO[C@@H](C)C1,19
O=C(Cn1ccnc1)N[C@@H]1CCCC[C@H]1NC(=O)c1ccoc1,23
C[C@H]1CN(C(=O)Cc2ccc[nH]2)CC[C@H]1NC(=O)CC(N)=O,22
CC1(C)Cc2cccc(-c3ccc(S(C)(=O)=O)cc3F)c2C(=O)N1,24
CC[C@H](NC(=O)NCCC1CCC(OC)CC1)C1CC1,20
C=CCC(F)(F)C(=O)N[C@]1(CO)C[C@H](OCC)C1(C)C,20
CC(C)=CC(=O)N1CC[C@H](C2CCN(C(=O)C3CCOCC3)CC2)C1,25
CCNC(=O)CC(=O)NCC1CCN([C@H](C)COC)CC1,21
CNC(=O)C1(C(=O)N[C@@H](C)CCNC(=O)C(N)=O)CC1,20
COCCCCN1CCO[C@]2(CCN(C(=O)Cc3nc[nH]n3)C2)C1,24
CC(C)NC(=O)CNCC1CCN(C(=O)[C@H]2Cc3ccccc32)CC1,25
C[C@@H](CCC(C)(C)C)C(=O)NCc1ccccc1CC(=O)O,22
Cc1cc(C)cc([C@@H](C)NCCS(=O)(=O)C(C)C)c1,19
CC/C=C/CNC(=O)[C@H]1CN(Cc2ccccc2)CCC1(F)F,23
C#C[C@@H](CC)NC(=O)c1cc(CSCC)on1,17
O=C(N[C@H](CNc1nccn2nnnc12)C1CC1)c1cc[nH]c1,23
C[C@H](O)[C@@H]1CCCN(c2cnn(C)c(=O)c2Br)C1,18
CCn1ccnc1C(=O)N1CC[C@@H](CCNC(=O)CCCOC)C1,24
CO[C@H](CC(C)C)C(=O)NC[C@H]1CN(C(=O)C(N)=O)CCO1,22
O=C(NC1CCN(Cc2ccccc2)CC1)c1nccc2occc12,25
NC(=O)C1CCN(Cc2cccc(OC3CCCC3)c2)CC1,22
CCc1nc(C)cc(NC[C@H](C)CNC(=O)CC2CCC2)n1,22
CCN1CCO[C@H](C(=O)N2C[C@H](O)[C@@H](CO)C2)C1,18
CCc1cc(C#N)c(NC(=O)c2scnc2C)s1,18
CO[C@@H]1CCC[C@@H]2CN(C3CCN(C4CC4)CC3)C[C@@H]21,20
COCC[C@]1(C(=O)N[C@H]2CCCN[C@@H]2C)CCNC1,19
CCNCC1(O)CCN(C(=O)Cc2c(C)nc(C)nc2O)CC1,23
N#Cc1cc(N[C@H]2COc3cc(F)cc(F)c32)ncn1,20
O=C(O)c1ccccc1CCC(=O)N1C[C@H](O)[C@@H](O)C1,20
CCn1cnc(C(=O)N(C)CCCN(C)C(=O)COC(C)C)c1,23
CCONC(=O)CNC(=O)c1cccc(NC(=O)C2CCCCC2)c1,25
COc1coc(C(=O)N(C)Cc2ccc(Cl)s2)cc1=O,20
CN(C)Cc1cccc(-c2cnc(C#N)c(C#N)n2)c1,20
Cc1ccc(C[C@@H](C)NC(=O)c2cnccc2N)c(C)c1,21
Cc1nc[nH]c1CC(=O)N[C@]1(C)CCN(CC(=O)Nc2ccon2)C1,25
CC[C@@H](CNS(C)(=O)=O)N[C@H]1CNCCOC1,17
Cn1ccc(C(=O)N[C@@H]2CN(C(=O)[C@H]3CCNC(=O)C3)C[C@H]2O)n1,24
CC[C@@H](C)CCC(=O)N1CC(N(CC)C(=O)c2ncc[nH]2)C1,22
CC[C@H](F)C(=O)N1CC(NC(=O)c2ccc3nc(O)[nH]c3n2)C1,23
COC[C@@H](O)CN1CCO[C@](C)(CNC(=O)[C@H]2CCCN2C)C1,23
NS(=O)(=O)C1CN(C(=O)Cc2ccc(F)cc2)C1,18
Cc1nn[nH]c1C(=O)NC[C@@H]1CC[C@@H](NC(=O)c2ccccc2O)C1,25
O=C(CCc1cn[nH]c1)NCC1(O)CN(C[C@H](O)Cn2cccn2)C1,25
N#CC1CN(C(=O)c2ccc(S(=O)(=O)C3CC3)cc2)C1,20
Cc1noc(C)c1[C@@H](C)CNC(=O)N1CCC([C@H]2NCC2(C)C)CC1,25
COCCc1ccccc1NC(=O)NC[C@@H]1CCOC[C@H]1C,22
C[C@H](CN(C)C(=O)[C@H]1CCC(=O)N1)NCc1nccn1C,21
CCCNC(=O)c1ccc(-c2ccnc(OC(C)C)c2)nc1,22
C=CCC1(C(=O)NCc2cc(O)nc(S)n2)CCCCC1,21
NC(=O)[C@@H]1CC[C@H](NC(=O)NCC[C@]2(O)CCCOC2)C1,21
Cc1nonc1CC(=O)N1CCN(C(=O)CCNC(N)=O)CC1,23
CC[C@@H](NC(=O)NCCc1cn2c(n1)CCCC2)[C@H](C)O,21
Cc1cccc(C(C)(C)NCc2nc(C)c(C)[nH]2)c1,19
CC(C)n1nnnc1-c1cccc(NC(=O)C(=O)NCCN(C)C)c1,25
COC(C)(C)CC(=O)OC[C@H]1CCCC[C@@H]1C(=O)O,19
CS[C@H]1CCN(C(=O)C(=O)Nc2ccc3c(C)nn(C)c3c2)C1,23
Cc1nocc1CN[C@H]1C[C@@H](CNC(=O)CCc2nc[nH]n2)C1,23
CN(C)CCC(=O)N1CC(O)(CNC(=O)c2cccnn2)C1,22
CN(CC(=O)N1CCN2C(=O)[C@@H](N)C[C@@H]2C1)C(=O)C1CC1,21
O=C(Cn1cnnn1)N[C@H]1CC12CCN(Cc1cnns1)CC2,23
CN(C[C@H]1CC=CCC1)C(=O)CCCN1C(=O)CN(C)C1=O,22
CNC(=O)NCC(=O)NC[C@H](C)NC(=O)Cc1cc(C)[nH]n1,22
Cc1nc(C)n(CCNCCNC(=O)c2ccncn2)n1,21
CO[C@H](C)C(=O)N1C[C@@H](NC(=O)c2cc(C(N)=O)co2)C(C)(C)C1,24
Cc1cc(C)n2nc(C)c(C(=O)NCc3nc(C(C)C)cs3)c2n1,24
Cn1oc(C(=O)NCC[C@@H]2CCN(C(=O)Cc3cnc[nH]3)C2)cc1=O,25
C[C@@H]1C[C@H](C(=O)O[C@H](C)[C@@H]2CCCN2C(=O)OC(C)(C)C)CO1,23
C[C@H]1C[C@@H](NC(=O)NCc2ccn3ccnc3c2)CO1,20
O=C(NC1CN(C(=O)c2cc[nH]n2)C1)[C@@H]1C[C@]12CCc1ccccc12,25
CCC(C#N)(CC)c1nnc(N(C)Cc2ccccc2F)n1C,23
Cc1occc(=O)c1OCC(=O)NCCCNCC(N)=O,21
COc1cncc(C(=O)N(C)[C@H]2CN(CCO)C[C@@H]2O)n1,21
CC[C@H](CNC(=O)c1ccc(OC)cc1C)NC(=O)[C@H]1CCC(=O)N1,25
CCNC(=O)Cn1nnnc1N1CC[C@](O)(CC)C1,19
CCC[C@H](O)[C@H](CO)NC(=O)c1ccc(-c2ccc(C)o2)s1,22
CNC(=O)CN1C[C@@H]2CCN(C(=O)Cn3nc(C)n(C)c3=O)[C@@H]2C1,24
CO[C@H](C)c1nc(CNC(=O)C[C@@H](C)c2c(C)noc2C)cs1,23
Cc1ccc([C@@H](C)C(=O)N[C@@H](C)CNc2cc(C)ncn2)cc1,23
Cc1cnc(CCNC(=O)N2C[C@H]3CCC[C@@H]3C2)cn1,20
Cc1nc([C@H](C)NC[C@](C)(NC(=O)c2cnn[nH]2)C2CC2)no1,23
Cc1[nH]ccc1C(=O)N[C@@H]1CCCN(Cc2ccccc2)C1,22
O=C(N[C@@H]1C[C@H]2OCCC[C@@H]12)c1cccc2ccc(O)nc12,22
CO[C@H](C)C(=O)NC[C@@](C)(NC(=O)c1ccncc1)C1CC1,22
O=C(O)CC1(NCCc2ccccc2F)CCC1,18
CN(C)C(=O)CN1CCOC[C@@H]1CNC(=O)c1ccc(N(C)C)nc1,25
CCC1(C(=O)NCCN(C)C(=O)c2cc(C)sn2)CCCC1,22
COc1ncc(/C=C/c2nc(CCCn3ccccc3=O)no2)cn1,25
CS(=O)(=O)NCCC(=O)N[C@H]1C[C@H]2CC[C@@H]1N2[C@@H]1CCNC1=O,23
CCCC[C@H](NC(N)=O)C(=O)N[C@H](C)c1n[nH]c(CC)n1,21
CN(CC1(O)CCCC1)C(=O)CN1CCS(=O)(=O)CC1,20
CO[C@@H]1CS(=O)(=O)C[C@@H]1NC(=O)C(=O)N1CC[C@@H](C)[C@@H]1C,21
COc1ccccc1[C@H](CNC(=O)[C@H](C)C#N)NCCCC1CCC1,25
CCN(CCN)C(=O)Cc1cccc(Br)c1C,17
CSc1ccnc(N2C[C@@H](NC(=O)[C@H]3CCCC34CC4)[C@H](C)C2)n1,24
CCC(=O)N1CC(O)(CNC(=O)[C@@H](NS(C)(=O)=O)C(C)C)C1,22
CC[C@H](c1ccccc1)c1nnc(NC(=O)[C@@H](C)OC)s1,21
Cn1c(C(=O)NCC2(O)CN(C(=O)CCc3cnc[nH]3)C2)cnc1O,25
Cc1coc(C)c1C(=O)N[C@H]1CCN(C(=O)C2(CF)CCC2)C1,23
CN(CCNC(=O)CCc1cnc[nH]1)C(=O)Cc1cc[nH]n1,22
C#CC[C@@H](NC(=O)[C@@H](O)c1ccc(Cl)cc1)c1ccccc1,22
C[C@H](F)CCN1CCC(CCN2C[C@@H](C)O[C@H](C)C2)CC1,21
CCC(=O)NCC(=O)N1CCC(CNCc2nncn2C)CC1,23
CCN(C(=O)C1(CC)CCC1)C1CN(C(=O)[C@@]2(C)CCC[C@H]2C)C1,24
CCCN1CCC[C@@H]1CNC(=O)NCc1ccnc(SC)c1,22
CC(=O)N[C@H]1CCN(C(=O)c2coc(S(N)(=O)=O)c2)C[C@@H]1O,22
CN(Cc1cnc2[nH]ccnc1-2)Cc1cccn1C,19
CC(C)=CC(=O)N[C@@H]1CN(CC(=O)NCc2cnn[nH]2)C[C@@H]1O,23
Cc1ncc(CC(=O)N[C@H]2[C@@H]3CN(C(C)C)C[C@@H]32)o1,19
CCc1nnc(CN2CC[C@@H](NC(=O)c3ccc(O)nn3)[C@H](O)C2)o1,25
CCCC[C@H](NC)c1nc(-c2cncc(Br)c2)no1,19
C[C@H](CN(C)Cc1nncs1)NC(=O)Cc1nc2ncccn2n1,24
CN(C)CCN(CC(=O)N(C)C)C(=O)Nc1cc(=O)n(C)cn1,23
CCC(CC)[C@H](O)CNC(=O)[C@@]1(C)COc2ccccc2O1,22
CCC(=O)N(C)[C@@H](C)CNC(=O)CN1CCNC(=O)C1,20
O=C(NC[C@H]1C[C@H](NCc2ncccn2)C1)[C@H]1CCCc2nccn21,25
Cc1cc(C)c(C(=O)N(C)CCCN(C)C(=O)C2CCC2)c(C)n1,24
CCn1ccnc1C(=O)NCC1[C@@H]2CN(c3cnc(C#N)cn3)C[C@@H]12,25
C#CC[C@@H](NC(=O)N1CCC(C(=O)O)CC1)c1ccccc1,22
C[C@@H]1CN(C(=O)[C@H]2CC(=O)N(C)C2)C[C@H]1CNCC(=O)N1CCC1,24
Cc1ccc(OCC(=O)NCC2(O)CN(C(C)C)C2)cc1,21
CN(C(=O)[C@H]1C[C@H]1C(N)=O)[C@H]1CN(C(=O)C2CC2)C[C@@H]1O,21
NC(=O)Cn1cc(C(=O)N[C@H]2CCN(CC[C@H]3CCOC3)C2)nn1,24
COC(=O)CC[C@H]1COCCN1C(=O)C[C@@H](C)O,18
C[C@@H]1OCCN(C(=O)Cc2ccccc2C(N)=O)[C@@H]1C(N)=O,22
C=CC[C@H](C(=O)OCc1nnc(C)n1CCC)c1ccccc1,23
CN(C(=O)c1nc[nH]n1)[C@H](COC1CCC1)C(=O)O,19
Cc1cc(CNC[C@@H](C)CNC(=O)c2ccoc2C)cs1,21
CN(C[C@H]1CCN1[C@H]1CCNC1=O)C(=O)C1CS(=O)(=O)C1,21
CN1CC[C@@H](C(=O)NC[C@@]2(O)CCN(CCc3cnn[nH]3)C2)C1,23
COC(=O)COCC(=O)OCC(=O)NC(=O)NC1CCCC1,22
CCCN1CCC[C@@H](C(=O)N2CC[C@@H](N(C)Cc3ncnn3C)C2)C1,25
COC(=O)[C@]12CCN[C@H]1CN(S(=O)(=O)[C@@H]1CCNC1)CC2,21
C[C@H](NCc1ccn(-c2ccc(F)cc2F)n1)c1cnn(C)c1,23
Cn1nccc1CN1CCOC[C@H]1CNC(=O)[C@@H]1CCOC1,22
CO[C@H](C(=O)NC[C@H]1CN(C(=O)CS(C)(=O)=O)CCO1)C1CC1,23
CC(C)Oc1cccnc1C(=O)N[C@H](CO)[C@@H]1CCCO1,21
CCOCCn1cc(C(=O)N(C[C@@H](C)O)[C@H](C)CO)cn1,21
COC(=O)c1ccc(C(=O)N(C)C2CCC(C)CC2)s1,20
CC(C)c1noc(CN[C@H]2CCC[C@@H](NC(=O)c3cncnc3)C2)n1,25
CCc1ncncc1C(=O)N1CCNC(=O)C[C@@H]1C,19
Cn1cnc(C(=O)N2CC[C@@](C)(NC(=O)[C@H]3CCCO3)C2)c1,22
COc1cc(C)ccc1CN[C@@H]1CCC[C@H](F)C1,18
O=C(c1cccc2nc(O)[nH]c12)N1CCN(Cc2nc[nH]n2)CC1,24
CC[C@@H](C)n1nc(C(=O)N[C@@H](C)c2nccs2)cc1C,20
COCCN1CC[C@@H](N=c2[nH]c3cc(C)cc(C)c3o2)C1,21
COCc1nocc1C(=O)N1CC(NC(=O)[C@@H]2CCNC2=O)C1,23
O=C(NCCN(CCO)C(=O)c1cnon1)[C@H]1Cc2ccccc2O1,25
CNC(=O)NC(=O)CN[C@@H]1CCN(C(=O)CCc2ccnn2C)C1,24
CC[C@H](CC(=O)N1CC[C@H](NCc2ocnc2C)[C@@H]1C)C(C)C,23
Cc1nonc1C(=O)NCCN(CCO)C(=O)C1[C@H]2CCC[C@H]12,23
CC[C@H](C)C1CCC(NS(=O)(=O)c2c(C)nn(C)c2C)CC1,22
CCc1ccc([C@H](O)CN2C[C@H](O)[C@H](NC(=O)C(N)=O)C2)cc1,23
CC(C)CC(=O)N[C@@H](C)C[C@H](C)NC(=O)c1ccc(N(C)C)cn1,24
C#Cc1ccc(C(=O)N(C)C[C@H]2CCN2Cc2nnnn2C)cn1,24
CCCC[C@@H](CCC)N(CCOC)[C@@H]1CCNC1,18
C=C(Cl)CNC[C@@H]1CN(C(=O)c2cccc(OCC)c2)C[C@H]1C,23
C[C@]1(C(=O)O)[C@H]2C=C[C@@H](C2)[C@H]1C(=O)Nc1nccs1,19
COc1ccc(NC(=O)N2CC(C)(C)C2(C)C)c(OC)c1,21
O=C(N[C@]12CCC[C@@H]1C2)[C@@H]1CCCc2ccccc21,19
COCCN(Cc1cccs1)C(=O)c1cnn(C)c1N,20
COC(=O)CCCS(=O)(=O)NC1CC(CO)(CO)C1,19
CNC(=O)CNC[C@@H]1[C@@H](C)CCCN1C(=O)CCNS(C)(=O)=O,23
Cc1ccc(C(=O)N2C[C@@H]3CNC[C@@H]3C2)cc1Cl,18
C=CCN1CC[C@]2(CCCN2C(=O)c2csc(C)c2C)C1=O,22
Cc1nc(N(Cc2ccccc2)[C@@H]2CCCNC2)ncc1Cl,22
N[C@H](CC1CCCCC1)C(=O)NCc1cc2ccccc2[nH]1,22
C#CCOCCNC(=O)N1CCCCC[C@H]1c1ccc(C)o1,22
CC(C)[C@](C)(C#N)NC(=O)CN1CC[C@](F)(CO)C1,19
C[C@H](NC(=O)C(=O)NC1CCN(CC2CC2)CC1)c1ncnn1C,24
COc1nn(C)cc1C(=O)NC[C@@H]1COCCN1C[C@H](C)O,22
C/C=C(\C)C(=O)N1CC[C@H](CNCc2nc(O)n[nH]2)C1,20
C#C[C@@H](NC(=O)CCNS(C)(=O)=O)[C@H]1CCCO1,18
O=C1O[C@H]2C[C@H]1N(C(=O)N[C@@H]1CCN3CCCC[C@H]13)C2,20
CC(=O)N[C@@H]1C[C@@H](NC(=O)Cc2cc(=O)n(CC(C)C)[nH]2)C12CCC2,25
C[C@@H](CN(C)C/C=C/Cl)NC(=O)c1cc2ccccc2nn1,22
C=C(C)COc1cccc(NC(=O)[C@H](C)NC(=O)OC(C)(C)C)c1,24
CCc1cc(C(=O)Nc2ccc(CCO)cc2)[nH]n1,19
C[C@H]1CCN(C(=O)C2CS(=O)(=O)C2)C[C@H]1NC(=O)c1cnn[nH]1,23
O=C(Cn1cccc(C(F)(F)F)c1=O)N1CCC[C@@H]1CCO,22
C[C@@H](CNCc1ncc(Cl)s1)NC(=O)C1CCCCC1,20
O=C(NC[C@H](CO)c1ccc(Cl)cc1)C(F)(F)C1(O)CCC1,22
O=C(COC1CCCCC1)NC[C@@H]1CCN1C(=O)CCCF,22
CN(C)CCn1ccc(NC(=O)N[C@H]2C[C@H](O)[C@H](O)C2)n1,21
CCCC1(C(=O)N2CC[C@@H]3CN(C(=O)CC)[C@@H]3C2)CCC1,21
CC[C@H](C)OCC(=O)NCCNc1ncncc1Cl,19
Cc1ncc(C(=O)NC[C@H]2C[C@@H](NC(=O)C3(C)C[C@H]4C[C@@H]4C3)C2)[nH]1,24
COc1ccc2[nH]c(C)c(C(=O)O[C@H](C)C[N+](=O)[O-])c2c1,21
CCn1cc(C(=O)NC[C@H]2CCCN2C(=O)CCn2cnnn2)cn1,25
CC(=O)N1CC(C(=O)NC[C@]23CCC[C@H]2CN(C(=O)C(N)=O)C3)C1,24
CN(CC(=O)N1CCNC(C)(C)C1)[C@@H]1CCS(=O)(=O)C1,20
C[C@]1(C#N)CCCN(C(=O)NCc2ccc(C#N)cn2)C1,21
CC[C@]1(C(C)C)NC(=O)N(Cc2cc([N+](=O)[O-])ccc2Cl)C1=O,23
CCn1cc([C@@H](C)NC(=O)c2ccc(C(N)=O)[nH]2)cn1,20
Cc1nscc1C(=O)N(C)C[C@@H]1CCCN1C(=O)c1cnon1,23
Cc1ccccc1OCCN1C[C@H]2C[C@H]1[C@H]2NC(=O)c1cnn(C)n1,25
COc1c[nH]nc1NC(=O)c1cccc(-n2ccc(C)n2)c1,22
COc1ccc(CNC(=O)N[C@@H](C)c2cnn(C)c2)cc1F,22
C[C@H](C(=O)N[C@H]1C[C@H](Nc2nccnc2F)C1)C1CC1,20
O=S(=O)(NCCn1cnnn1)c1cnn2c1OCCC2,20
COCC1(S(=O)(=O)N[C@@H](CO)C(=O)O)CC1,16
COCCC(=O)NC1(CNC(=O)CCn2cnnn2)CCC1,22
C[C@@H]1C[C@H](CNC(=O)/C=C\c2cn(C)c3ccccc23)[C@@H](C)O1,23
CCCc1ccc(C(=O)N[C@H](CNC(=O)CC)C2CC2)s1,21
COC(=O)c1cccc(OCCOC(=O)[C@@H]2CCCS2)c1,21
Cc1cc(C(=O)N2C[C@@H](O)[C@H](NC(=O)[C@H]3CC(=O)N(C)C3)C2)cnn1,25
CCCCCC(=O)NC[C@H](NCCCO)c1ccccc1OC,23
Cc1noc2ccc(-c3noc(-c4ccnc([N+](=O)[O-])c4)n3)cc12,24
CC(=O)N1CC(O)(CNC(=O)CS(=O)(=O)C(C)C)C1,19
CCOCC(=O)N1CCCC[C@@H]1CNC(=O)c1ccc(=O)n(C)n1,24
COc1cc(CN2CC[C@H](C)[C@@H](NC(=O)Cn3cccn3)C2)sn1,24
CCC1(CO)CCN(C(=O)Nc2cccc(NC(C)=O)c2)CC1,23
Cc1ccc(C#N)c(N2CC[C@@H](C)[C@H](NC(=O)C3CC4(CC4)C3)C2)n1,25
C#C[C@H](C)N(C)c1nnc([C@@H](C)c2ccc(OC)cc2)n1CC,23
C[C@@H](C(=O)NC[C@H]1C=CCC1)N(C)CC(F)(F)F,18
CS(=O)(=O)CCCN[C@H]1CCN(C(=O)C2CC(F)(F)C2)C1,21
C[C@@H](O)CN1CC(N2C[C@@H](NC(=O)c3ccnn3C)CC2=O)C1,23
CC(C)[C@@H](CNC(=O)CN1CCCS1(=O)=O)NCCO,20
CN(CCN(C)C(=O)[C@H]1CCC(=O)NC1)C(=O)CCc1cnc[nH]1,24
COc1ccccc1OCC(=O)OC[C@H]1CC=CC[C@@H]1C,21
O=C(NC[C@H]1CCCO[C@H]1c1cn[nH]c1)c1csc(Cl)c1,21
COCn1nccc1S(=O)(=O)N(C)[C@@H]1CCC(C)(C)C1,20
CCc1noc([C@@H](C)OC(=O)c2cc(Cl)c(N)cc2OC)n1,22
CCN(CCC(N)=O)C(=O)c1cnc(OC2CCOCC2)nc1,23
CCn1cc(CC(=O)N2CCCCC[C@@H](NCC3CCC3)C2)cn1,24
CS(=O)(=O)CCc1ccc(N[C@H]2CCc3ccccc3C2)cc1,23
CCc1nsc(NC[C@H]2CC[C@H](NC(=O)C(C)(C)F)C2)n1,21
C[C@@H](O)C(=O)N1CC[C@H]2[C@@H]1CCN2C(=O)[C@@H]1CCC(F)(F)C1,22
Cc1[nH]ncc1CCCNC(=O)c1ccc2c(c1)COC2,21
COCCOC1CN(c2nc(Cl)cc3cc(C)ccc23)C1,21
O=C(Cn1ncnn1)N[C@H]1CC[C@H](NCc2nc(O)n[nH]2)CC1,23
CCN(C)C(=O)CNCCNC(=O)[C@@H]1C[C@@H]1C(=O)OC,20
Cc1nccc(NCCC[C@H](C)NC(=O)C2CS(=O)(=O)C2)n1,22
O=C(c1ccc2nonc2c1)N1CC(Oc2ccccc2)C1,22
O=C(c1cccc2[nH]ncc12)N1CC[C@@]2(C(=O)O)CCC[C@@H]12,22
O=C1N[C@H](C(=O)NCCOCCCNc2ncccn2)CO1,22
COCC(=O)N(C)CC(=O)N1[C@H](C)C(=O)N[C@H](C)[C@H]1C,20
Cc1nccn1CCCC(=O)N1C[C@@H](c2ccccc2)C[C@H]1C,23
CC(C)[C@H]1N(C(=O)C[C@H](c2nccn2C)C(F)(F)F)CC1(C)C,23
COC(=O)Cc1cccc(NC(=O)N[C@H](C)[C@H]2CCCCO2)n1,23
C[C@H](CNC(=O)N1CCC2(CCNC2=O)CC1)Cn1cccn1,23
NC(=Nc1cccc2nn[nH]c12)c1ccc2ccccc2n1,22
CC[C@H](C[C@H](C)CO)NC(=O)c1scc(C)c1Br,18
CC(F)(F)C1(C(=O)Nc2cnc3c(c2)CCCC3)CC1,20
COc1cc(OC)nc(-c2ccc(N3CCCC3)nc2)c1,21
C[C@H]1CC(C)(C)C[C@H]1NC1CCN(C(=O)CC(F)(F)F)CC1,22
Cc1nnc(S)n1CCNC(=O)[C@@H]1[C@H]2[C@@H]3CC[C@@H](C3)[C@H]21,20
C/C(=C/C(=O)N1CCC[C@H]1CNCc1cc(C(C)(C)C)on1)C1CC1,25
CC(=O)N1CC[C@H](NC(=O)Cn2c(C)csc2=O)[C@@H]1C,20
Cc1nocc1COC(=O)CN1CCOCC1=O,18
COc1ccc(-c2noc(-c3ccc4nccnc4c3)n2)nc1,23
CC[C@H]1CN(C(=O)C2CCN(C)CC2)CC[C@H]1NC(=O)C=C1CCC1,25
C[C@@H](CCS(C)(=O)=O)N[C@@H]1CCc2c(F)cc(F)cc21,20
Cc1ccc(C(C)(C)CN=c2ccc3c([nH]2)CCC3=O)nc1,22
NC(=O)C(NC(=O)c1ccc(F)cc1Cl)C(N)=O,18
CO[C@@H]1CCN(C(=O)c2cn(-c3cccnc3)nn2)[C@H](C)C1,22
COC(C)(C)[C@H]1CCCN1C(=O)c1cc(O)cnc1Cl,20
O=C(OCc1nc(-c2cccnc2)no1)C1C[C@@H]2CCC[C@H](C1)C2=O,25
Cc1cc(C)c(N2C[C@@H](C(=O)NCC3CCC3)CC2=O)c(C)c1,23
O=C(CCc1ccncn1)N1CC[C@@](O)(C(=O)O)C1,19
CC(C)(C)CNC(=O)CN[C@@]1(C)CCCc2ccccc21,21
CO[C@@H]1CCCCN(CC(=O)NC[C@H]2CCC[C@H](F)C2)C1=O,22
C[C@@H]1CCC[C@H](C(=O)O)N1C(=O)c1cc(Cl)cc(Cl)c1,20
COC[C@H](C)NC(=S)NC[C@@H]1CC[C@H](C(N)=O)O1,18
O=C(N[C@@H]1C[C@@H]2CCC[C@@H]21)N[C@]12CCC[C@H]1NCC2,19
CNC(=O)NC(=O)[C@@H](C)N1CC[C@@H](C(=O)NCC(F)(F)F)C1,22
Cc1ccnc(C(=O)NC[C@H]2CC[C@H](NC(=O)CCC3CC3)CC2)n1,25
O=C(OCc1ccc(C(=O)O)c(Cl)c1)c1cnn(CC2CC2)c1,23
COCC1(NC(=O)N[C@H](C)c2cc(C)cc(C)c2)CC1,20
C[C@H](CN(C)C(=O)c1cnc(C2CC2)o1)NC(=O)c1ccnn1C,24
Cc1ccc(F)cc1C(=O)NC[C@H](C)N(C)C(=O)Cn1ccnc1C,25
C[C@@H](C(=O)N1CC(OCC(F)F)C1)c1ccc(Br)cc1,20
CCNS(=O)(=O)CCNC(=O)NCc1nnnn1CC1CC1,22
C[C@H](CN(C)C(=O)OC(C)(C)C)NC(=O)N(C)Cc1ncc[nH]1,23
C#C[C@@H](NC(=O)CNc1cccc(C(F)(F)F)c1)C(C)C,21
CC(C)[C@H](C)S(=O)(=O)CCc1ccccc1Br,17
Cc1ccsc1S(=O)(=O)N[C@@H](C(=O)O)C(C)C,17
C[C@@H](CN1CC[C@H]2OCCC[C@H]2C1)OCc1ccccc1,21
Cn1ccc(NCC(=O)Nc2ccc(C(C)(C)C)cc2)n1,21
CN(C)c1ccc(CCNC(=O)CC2CCNCC2)cc1,21
CCCC(=O)N1CCC(C)(NC(=O)c2cc3ccccc3n2C)CC1,25
Cc1cnccc1C(=O)N1CC[C@@](O)(CNC(=O)C(N)=O)C1,22
CCN(CC)C[C@H]1CCN(C(=O)N[C@@H]2CCCC2(C)C)C1,21
O=C1CCC[C@@H](CC(=O)N2CC[C@H](N3CCN(CCO)CC3)C2)N1,24
C=CCCO[C@@H](C)C(=O)N[C@@H]1C[C@H]2CC[C@@H]1N2CCOCC(C)C,24
CC(=O)N1CCCC[C@@H]1[C@H](C)NC(=O)CC(C)(F)F,19
CCC(=O)NCC(=O)N(C)C[C@@H](O)CNC(=O)[C@H]1CC12CC2,22
Cc1ncn(C)c1C(=O)N1CC[C@@H](NC(=O)CC(C)(C)C)[C@H](C)C1,24
CCC[C@@H](O)CCNC(=O)/C=C\c1scnc1C,18
Cc1nc([C@H](C)N[C@@H]2CCCN(C(=O)c3nnc(O)nc3O)C2)no1,25
CN1C[C@@H](CNC(=O)c2ccc[nH]2)[C@H](c2ccccc2)C1,21
O=C(COCC(F)F)N[C@@H](C(=O)O)c1cccs1,18
O=C(NCc1ccncn1)c1n[nH]c2ccc(OC(F)(F)F)cc12,24
CC(=O)N[C@@](C)(C(=O)NCc1nn[nH]n1)C(C)C,18
CCCC[C@H](C)C(=O)N1CC[C@](C)(NC(=O)CC(C)C)C1,21
CCNC(=O)CNCC1(O)CCN(C(=O)c2ccc[nH]2)CC1,22
COC[C@H](OC)C(=O)N1CCN(C(=O)[C@@H]2CN(C)CCO2)CC1,23
CCC[C@H]1CCCN1C(=O)NC[C@@H](c1ccsc1)N(C)C,21
CCS(=O)(=O)NCCNC(=O)NCCCOc1cccc(F)c1,23
CC(=O)NCC1=CCN(c2ncnc3c(C)csc23)CC1,21
O=C(N[C@@H](CNCC1CC1)C1CCCC1)c1ccncc1,21
CCN1CCOC[C@H]1C(=O)N[C@@H]1CN(CC#N)C[C@H]1C,20
CCC(=O)NCC(=O)NC[C@@H](C)NC(=O)c1ccc2cnccc2c1,25
CC(=O)NCC(=O)NCC1(NC(=O)c2nc3nccc(C)n3n2)CC1,25
Cn1cc(CN2CC[C@H](NC(=O)C(=O)NCC(F)F)[C@H](O)C2)nn1,24
O=C(NC1CCN(C(=O)c2cnon2)CC1)[C@H]1C[C@H]1C(=O)O,22
CC(C)n1ccc(CN2C[C@@H](NC(=O)[C@]34CCCC[C@H]3C4)[C@H](C)C2)n1,25
CCN(CCNC(=O)[C@@H]1CC(=O)NC(=O)N1)C(=O)c1cocn1,23
CCCCC[C@@H](C)CC(=O)N(C)CCN(C)c1cc(C)ncn1,23
CC[C@H](C)CC(=O)NCC[C@H]1CCN(C(=O)COCC2CC2)C1,23
O=C(N[C@H]1COCC[C@@H]1O)c1cnc2ccc(Cl)nn12,20
CC(C)Cc1c[nH]c(C(=O)N2CCC(F)(F)C[C@@H]2C)c1,20
CO[C@@H](C)CCC(=O)NCCCNC[C@@H](OC)C1CCCC1,22
Cc1c(CCC(=O)N(C)CCNC(=O)CCNC(N)=O)cnn1C,24
O=C1c2ccc(/C=C/C3CCNCC3)cc2CN1C1CC1,21
Cc1cnc(N(C)CC(=O)N[C@@H]2CCS(=O)(=O)C2)nc1,20
CC(C)N1CC[C@H](CNC(=O)N2CC[C@H](n3cc(Cl)cn3)C2)C1,23
C[C@@H](CN1CCCC1=O)NC(=O)[C@H](CO)NC(N)=O,19
COc1cc(C(=O)NCCC[S@](C)=O)ccc1Br,18
Cc1nocc1C(=O)N1[C@H]2CC[C@@H]1C[C@H](CNC(=O)CCCF)C2,24
C[C@H](F)CCN1CC[C@H](NC(=O)c2cc3[nH]ccc3s2)C1,21
CC1(C)[C@H](c2ccc(F)cc2)CCN1C(=O)NC[C@@H]1CC[C@H](N)C1,24
CC(=O)Nc1cccc([C@H](C)NC(=O)C2(c3ccccn3)CC2)c1,24
C[C@H](O)CNc1cc(=NCc2cccnc2O)[nH]cn1,20
CN(C)CCN1CC2(CN(C(=O)[C@H]3C[C@@H]3C(N)=O)C2)OCC1=O,23
NC(=O)[C@@H]1O[C@H](n2cnc3c(N)ncnc32)[C@@H](O)[C@@H]1O,20
Cc1ccc2oc(NCC[C@H](C)NC(=O)Cc3ccon3)nc2c1,24
NC(=O)c1nccnc1C(=O)NCC1CN(C(=O)[C@H]2CNC(=O)N2)C1,25
COC[C@@H]1CCCCN(c2nnnn2[C@@H]2CCC(C)(C)C2)C1,22
CCSc1cc(C(=O)NC[C@H](C)CO)ccn1,17
C=CCn1cc(CNC(=O)NCCNC(C)=O)nn1,19
C[C@H]1C[C@H](C(=O)N[C@H](C)c2cc3ccccc3o2)CCO1,21
COC[C@H](C)CS(=O)(=O)N1CCC[C@H](C)c2ccccc21,21
CO[C@H](C)C(=O)N1CC[C@]2(CCCN(Cc3nc(O)n[nH]3)C2)C1,23
CCc1ccccc1C(=O)NC1CN(C(=O)c2cncc(Cl)c2)C1,24
CC(C)N1CC[C@@H](N(C)C[C@H](O)c2ccc([N+](=O)[O-])cc2)C1,22
CCc1nc(C)c(C(=O)NC2CCN(CCC3CC3)CC2)o1,22
CO[C@@H](CC(=O)N[C@H](C)CCNCc1cnn(C)c1)C(F)(F)F,23
COc1ccnc(CNC(=O)N[C@@H]2CN(C(C)C)C[C@H]2C)n1,22
Cc1ccc(Br)cc1CN(C)CCNC(=O)CCCF,20
Cc1cc(C)c(CNC(=O)C(=O)NC[C@H](C)N)c(C)c1,20
CSCCC(=O)NCCC1(CNCC(=O)NCC2CCC2)CC1,23
CCOCc1nnc(N2CCS[C@@H](C)C2)n1CCS(C)(=O)=O,22
Cc1ccc(C(=O)N2CCCN(C(=O)[C@H]3CC[C@@H](F)C3)CC2)cc1C,25
COc1ccc(CNC(=O)c2csc(-c3cnccn3)n2)c(C)c1,24
CCc1c(C(=O)N(C)[C@H](C)COC)cnn1-c1ccccc1Cl,23
CC(=O)OC[C@H](C)N[C@H](C)c1ccc(OCC2CC2)c(F)c1,22
Cc1c[nH]nc1C(=O)NC[C@@]1(C)CCN(C(=O)CC(C)(C)C2CC2)C1,25
C[C@@H]1CN(CCOc2cccc(Br)c2)C[C@H](C(N)=O)O1,20
Cc1ccc2oc(C(=O)N3C[C@H](C)[C@@H](NC/C=C\Cl)C3)cc2n1,23
N#CCCN(CC1CC1)C(=O)[C@H]1C[C@@]12C(=O)Nc1ccccc12,23
CCC1(C(=O)N[C@@H]2C[C@@H]2c2c(F)cccc2F)COC1,20
C[C@H](CN(C)C(=O)Cc1ccn(C)n1)NC(=O)C[C@H]1CC(=O)NC1=O,25
Cc1cccc(NC(=O)N2CCN(c3ccc(Cl)nn3)CC2)c1C,24
CCC(=O)N[C@@H](C)C(=O)N[C@@H]1CN(Cc2nnnn2C)C[C@H]1OC,24
CN(CC(=O)NC/C=C/C1CC1)S(=O)(=O)c1cccnc1,21
CC[C@H](CN1CC(N(C)C(=O)c2cnc3cc(C)nn3c2C)C1)OC,25
CCC(=O)N[C@H](C)C(=O)N1CC[C@@H]2[C@@H]1CCCN2C(=O)C(N)=O,23
CCNC[C@H]1C[C@H](NC(=O)CN2C(=O)C(=O)N(C)C2=O)C1,21
C[C@H]1CCCCN1S(=O)(=O)NCC1([S@@](C)=O)CCC1,19
O=C(N[C@@H](CO)[C@@H]1CCCO1)c1c(Cl)cccc1Cl,19
Cn1cnc(CCNC(=O)N2CCOC[C@@H]2C2CC2)n1,20
CC(C)c1[nH]ccc1C(=O)NCC1[C@@H]2CN(C(=O)c3cnco3)C[C@@H]12,25
CC(C)CNC(=O)[C@H](C)N[C@@H](C[S@@](C)=O)c1ccccc1,21
O=C(NCC1[C@@H]2CN(C(=O)Cc3cc[nH]n3)C[C@@H]12)c1ccoc1,23
Cc1[nH]ccc1C(=O)N[C@@H]1CCN(c2cccc(CNC(C)C)n2)C1,25
CCCC(=O)N1CCO[C@@H]([C@H](C)NC(=O)c2ccncc2CC)C1,24
C[C@H](NC(=O)c1ccco1)[C@@H]1CCCN(C(=O)/C=C\c2ccco2)C1,25
CC(=O)NCC(=O)NCC(=O)N[C@@H](C)[C@H](C)N1CCOCC1,22
CCOCCC(=O)N1C[C@@H](O)[C@H](NC(=O)c2ccc(C(N)=O)[nH]2)C1,24
CCN1C[C@@H](NC(=O)N=c2nn[nH]n2CC)CC1=O,19
Cc1c[nH]c(C(=O)N[C@@]2(C)CCN(CCN3C(=O)CCC3=O)C2)n1,24
CC1(C)CCCN(C(=O)C(=O)N[C@@H]2CCCC[C@@H]2n2cccn2)CC1,25
C[C@H]1C[C@@H](NCC2CCOCC2)CN1C(=O)CCc1cscn1,23
CC1(C)CC=C(C(=O)N(CCO)CCc2ccccc2)CC1,22
CCS(=O)(=O)CC(=O)NC[C@](C)(NC(=O)[C@H](O)C(C)C)C1CC1,23
O=S(=O)(C1CCCCC1)N1CC[C@@H](COC(F)F)C1,19
COCc1nc(OC)cc(N2C[C@H]3[C@H](NC(=O)C(N)=O)[C@H]3C2)n1,23
CCC(=O)NCC(=O)N1CCO[C@H](CNC(=O)[C@H]2CCOC2)C1,23
C[C@H](O)C[C@@H]1CCCCN1C(=O)NCc1ncccc1N(C)C,23
COC[C@@H](C)N[C@H](C)C1CCN(C(=O)c2cccn3nnnc23)CC1,25
C[C@H]1CCC[C@H](NS(=O)(=O)CC2(C#N)CCCCC2)CC1,21
C[C@@H](CNC(=O)C1CCOCC1)N(C)C(=O)c1cccc(F)c1,23
CCNC(=O)C(C)(C)NC(=O)c1ccc(C(N)=S)cc1,20
CCN(C(=O)Cc1cnn(CC)c1)C1CN(C(=O)Cn2cncn2)C1,25
CC[C@@H]1C[C@H](Nc2ccc(COCCO)cc2)CCO1,20
CC(=O)N[C@H](C)C(=O)N[C@H](CO)Cc1cnc[nH]1,18
Cc1ccc([C@H](O)CNC[C@H](CO)C2CCCCC2)cc1,21
C[C@@H]1C[C@@H](C(=O)NC2CN(C(=O)c3ccnnc3)C2)CO1,21
C=C(C)CCC(=O)N1CC[C@@H](NC[C@H]2CCCOC2)C1,20
CCN(C(=O)c1cc(Cl)cn1C)C1CN(CC[C@@H](C)F)C1,21
O=C1C[C@@H](CC(=O)N[C@H]2[C@@H]3CN(C(=O)c4cc[nH]n4)C[C@@H]32)C(=O)N1,24
C[C@@H](CNC(=O)c1cnn(C)c1C1CC1)NC(=O)CCC1CC1,23
NC(=O)C(=O)N1CC[C@H]2[C@H]1CCCN2C(=O)c1c[nH]c(=O)cn1,23
C[C@H]1CN(C(=O)C(C)(C)C)C[C@@H]1Nc1cnc(-c2nn[nH]n2)cn1,24
O=C(NCCC(=O)N1CC[C@@H](c2ccc(F)cc2)C1)c1ccco1,24
CCC/C=C/[C@@H](O)C(=O)NC1CCN(CC(=O)O)CC1,20
C[C@H](CCc1ccc(F)cc1)C(=O)N[C@H]1CCNC2(CCC2)C1,23
CCc1ccc(C(=O)N2CCC[C@H]2CNCc2cnsn2)o1,22
CCC(O)(CC)CCNC(=O)CN1CCC(=O)NC1=O,20
COc1ccc(CCN2C[C@H]3C(NC(=O)C4CC5(CC5)C4)[C@@H]3C2)cc1,25
C#CCN1CCS(=O)(=O)[C@H](CCNC(=O)CCCOC)C1,21
C[C@H](Cn1cccn1)NC(=O)N1CCCN(C=O)CC1,20
CCc1nc(C(=O)NC[C@H](Cc2ccccc2OC)C(=O)OC)co1,25
C[C@@H]1C(=O)NCCN1C(=O)C(=O)NCCCN1CCOCC1,22
CC[C@@H]1CCc2ccccc2N1Cc1cn(CCC(C)=O)nn1,23
C=C/C=C\CCNC(=O)NCc1ccccc1CN1CC[C@@H](O)C1,24
CCc1noc2ncc(C(=O)Oc3cccc(C)c3)cc12,21
Cc1ccc(NC(=O)[C@H](C)N2CCN(C)C(C)(C)C2)cc1C,22
CN1C(=O)CC[C@@H]1C(=O)N[C@@H]1CCN(C(=O)[C@H]2CCCOC2)C1,23
C#CCN(C)C(=O)Cc1sc(SCC(=C)Cl)nc1C,19
Cc1cc(CCC(=O)N[C@H]2C[C@H]3CC[C@@H]2N3CC2CC2)no1,22
CCC[C@@](C)(O)CNC(=O)/C=C1/SCC(=O)N1C,18
COC[C@]1(C(=O)Nc2cccc(-c3cn[nH]c3)c2)CCCCN1,23
O=C(NC[C@@H]1CN(CCO)C[C@@H]1O)C12CCN(CC1)C2,20
C[C@H]1Cc2ccccc2N1CCNC(=O)C(=O)N[C@@H]1CCN(C)C1=O,25
CC[C@H](CNC(=O)Cc1c[nH]c2cc(C)ccc12)N[C@H](C)COC,24
C[C@H](N[C@H]1CC[C@H](NC(=O)Cc2cnc[nH]2)CC1)C(N)=O,21
CC(=O)N[C@H](CCO)C(=O)N1[C@H]2CC[C@H]1[C@@H](C(N)=O)C2,20
CCCn1ncc(C(=O)NCCNC[C@@H]2CC[C@@H]3C[C@@H]3C2)c1C,23
CC[C@@H](F)C(=O)N1CC[C@@H](CNCc2nc(CCC(C)C)no2)C1,24
NCCCCCCNC(=O)C(=O)N[C@H]1CCCc2sccc21,22
CN1C[C@H](OC(=O)c2cnc(-c3ccccn3)s2)C[C@@H]1C(=O)O,23
C[C@@H]1CN(C(C)(C)CNC(=O)CCCC2CCOCC2)C[C@@H](C)O1,24
O=C(N[C@H]1CCCCN(Cc2nc3c(o2)CCCC3)C1)C1CC1,23
COc1ccc(C(=O)N2CC[C@H](C(=O)O)C2)cn1,18
C[C@@H](C#N)CNC(=O)N[C@@H](c1ccc(F)cc1)C(C)(C)C,21
CC(=O)Nc1ncccc1NC(=O)[C@H](C)OC[C@@H]1CCCO1,22
CC(C)N(C)C[C@@H](O)CN1CCC2(CC1)C[C@@H](O)CCO2,21
COc1ccc(NCc2cc(-c3nn[nH]n3)cs2)c(OC)c1OC,24
COCC(=O)N[C@H]1CN(C(=O)Cn2nccn2)C[C@H]1C,20
CC(C)N(C)C(=O)[C@H](C)OC(=O)CCn1cnnn1,19
Cc1oc2cc(O)ccc2c1C(=O)Nc1nnc(C(F)(F)F)n1C,24
CC[C@H](Cc1ccccc1)NC(=O)N(C)CCC1CC1,20
CC[C@@]1(C)C[C@H]1C(=O)N(C)CCNC(=O)c1ccc2c(c1)CCC=C2,25
COc1cc(OC)nc(C(=O)N[C@@H]2CN(CCCO)C[C@@H]2O)n1,23
CC[C@@H]1CCCN1C(=O)C(=O)N(CCO)CCNC(=O)C#CC1CC1,25
C[C@H](C#N)C(=O)N1CCC[C@H](N(C)c2nc(C(C)(C)C)ns2)C1,23
COCc1cc([N+](=O)[O-])ccc1N[C@H]1CC(=O)N(C(C)C)C1,22
CCN(C(=O)c1n[nH]c(C)c1C)C1CN(C(=O)CCCC(=O)NC)C1,25
C[C@H](NCC1CCC1)[C@H]1CCN(C(=O)C2(C)CCC2)C1,20
Cc1cccc(NCCNC(=O)C[C@H](N)c2ccccc2)n1,22
O=C(c1cccnc1F)N1CCOC[C@@H]1[C@H]1CCOC1,20
CCN1CC[C@@H](NC(=O)c2ncc(OC)cn2)C[C@H]1C,20
COc1ccc(C(=O)NC[C@H](O)CNCc2cnon2)nn1,22
COC(=O)c1cc(NC(=O)N2CCCO[C@H](CF)C2)cc2[nH]ccc12,25
CC/C=C(/C)C(=O)N[C@@H]1CN(CC(N)=O)C[C@@H]1O,18
Cc1nc(C(C)C)ccc1C(=O)NCCNCCOCC1CCC1,24
CN(C(=O)[C@@]1(C)CNC(=O)C1)[C@H]1CCCN(Cc2ccn(C)n2)CC1,25
C[C@H](S[C@H](C)C(=O)N[C@@H](C)c1cc2ccccc2o1)C(=O)O,22
C#CCCCCCC(=O)N[C@@H]1CCN(CCOC)C[C@@H]1O,21
O=C(O)CN(Cc1ccc(Cl)cc1)Cc1nnnn1C1CC1,22
C[C@H]1[C@@H](NCC(=O)N(C)C)CCN1C(=O)Cn1ncnn1,21
C[C@H](CCNC(=O)c1cnn(C)c1N)NC(=O)c1cn(C)c(=O)n1C,25
C=CCC1(C(=O)N(C)[C@H](C)CNC(=O)[C@H](C)CC)CCC1,21
CC(=O)NCC(=O)NC[C@H]1CN(c2nc(C)ccc2C#N)C[C@@H]1O,24
O=C(O)[C@H]1C[C@H](O)CN(S(=O)(=O)Cc2noc(C3CC3)n2)C1,22
CCCc1ccc(CN[C@H]2C[C@H](NC(=O)C(C)(C)C)C2)cc1,22
Cc1nonc1CN1C[C@H]2C(NC(=O)CN3CCOCC3=O)[C@@H]2C1,24
Nc1c(F)cc(Cl)cc1C(=O)NCCc1cc(F)cc(F)c1,22
Cc1cc(C(N)=O)ccc1NC(=O)Cc1cccc(OCC#N)c1,24
CCN(CCN[C@@H](C)c1ccccc1C)C(=O)C1(C)CC1,21
CCC[C@H](C)CC(=O)Nc1cnc2[nH]nc(C)c2c1,19
COC(=O)CCNS(=O)(=O)N1CCN(C)CC1,17
O=C(/C=C/c1cccc(O)c1)N1CC[C@H]2C[C@]21C(=O)N1CC=CC1,24
COc1ccc(C(=O)NCC2(O)CN(C[C@H]3CCCCO3)C2)nn1,24
C[C@@H]1C[C@@H](C(=O)NC2CN(C(=O)CC(C)(C)O)C2)CC(=O)N1,22
NC(=O)NCCCCC(=O)N[C@H]1CCc2cc(-c3nn[nH]n3)ccc21,25
C[C@@H]1C[C@@H]1CC(=O)NC1CCN(Cc2ccnn2C)CC1,21
CS(=O)(=O)N1CC[C@@H](Nc2nnc(C(F)F)o2)C1,18
COC(=O)CN(C)C(=O)[C@H](C)NS(=O)(=O)c1cnn(C)c1,21
O=C(c1cnccc1-c1nn[nH]n1)N1CC[C@H](O)C1,19
COc1cccnc1C(=O)NC[C@@H](O)Cn1ccnn1,20
CN(C)CCn1ccc(NC(=O)c2ccc(C#N)cn2)n1,21
C[C@@H]1C[C@@H]1c1ccc(CN(Cc2ccc(-c3nn[nH]n3)o2)C2CC2)o1,25
Cc1ccc(C(=O)NC2CCC(N(C)C)CC2)c(C(C)C)n1,22
Cn1ccc(C(=O)N2CC(C)(C)CC[C@H]2CNC(=O)c2cnon2)c1,25
COCCOCCS(=O)(=O)N[C@@H]1C[C@H](C(=O)O)[C@H]2C[C@H]21,20
CC[C@@H](NC[C@H](NC(=O)c1nc[nH]c2nccc1-2)C1CC1)C(N)=O,24
COC[C@@H](OC(=O)c1cc(Br)oc1C)C(=O)O,17
CC(C)=CCCNC(=O)C(=O)N1CCC[C@@H]1CC(C)C,20
C[C@H](OC(=O)c1cnc(C(=O)O)cn1)C(=O)C1CCCCC1,22
CC(=O)NC[C@H](O)CN[C@H]1CCN(c2cnn(C)c2)C1=O,21
CS(=O)(=O)CCn1cc(-c2cnc3ncccc3n2)cn1,21
CCc1cc(C(=O)Nc2nc3c(s2)C[C@@H](CC)CC3)n[nH]1,21
C=C(Cl)CN(C)[C@H]1CCN(C(=O)Cn2ccc(C(F)F)n2)C1,22
CC(C)n1cnc(C(=O)N2CC(N(C)C(=O)[C@H]3CC[C@H]3C(N)=O)C2)c1,25
CS(=O)(=O)[C@H]1CCN(Cc2cc3ccc(C#N)cc3[nH]2)C1,21
Cc1ccc(CCC(=O)NCCNCc2ncoc2C(C)C)cc1,24
CCCCCN1CC[C@@H]2CCN(C(=O)[C@@H]3CCS(=O)(=O)C3)C[C@@H]21,23
COc1cc(O)cc(CN2CCN(c3ccc(Cl)nn3)CC2)c1,23
C=CCCN1C[C@H](O)[C@H](CNC(=O)c2cc3cccc(C)c3s2)C1,24
NC(=O)[C@@]12C[C@@H]1CN(C(=O)c1cccc3c1OCCO3)C2,21
C[C@H](c1csnn1)N1CC[C@@H]1CNC(=O)c1cc(F)cc(F)c1,23
OC[C@@H]1C[C@H](O)CN1Cc1cccc(CN2C[C@@H](O)C[C@H]2CO)c1,24
CCC(=O)N[C@@H]1CCCN([C@@H](C)C(=O)Nc2ccc(C)cc2C)C1,24
CN1Cc2ccccc2[C@H](NC(=O)C2=NN(CCO)C(=O)CC2)C1,24
CC(C)C(=O)Nc1ccc(CN2C(=O)N3CCC[C@@]3(C)C2=O)cc1,24
CCCC[C@H](C)N(C)C[C@H]1CCCC[C@@H]1C(=O)OC,19
CNC(=O)CN1C[C@H]2C[C@@H](NC(=O)c3cc[nH]c3)CC[C@H]2C1,22
CC(C)[C@H](C)C(=O)NC[C@@H](O)CN=c1ccc2ncc[nH]c-2n1,23
C[C@H](O)CC(C)(C)CNS(=O)(=O)c1cccc2c1OCCC2,22
C#CCN1CCC[C@H](Nc2cccc(S(N)(=O)=O)c2C#N)C1,22
O=C(CCNC(=O)c1ccsc1)NCCNc1cnccn1,22
O=C(N[C@@H]1CCN(C(=O)CN2CCOCC2=O)C1)c1cnns1,23
COc1ccc(F)cc1NC(=O)NC[C@@H](C)CCO,19
COc1cc(CN2CC[C@@H]3CN(C(=O)[C@@]4(F)CCOC4)[C@@H]3C2)on1,24
Cc1cncn1CC(=O)N1CC[C@@H](NC(=O)Cn2ncnn2)C1,23
O=C(NCCn1cncn1)Nc1cccc(C2CCCCC2)c1,23
CN1C(=O)CN(CC(=O)N2CCCNCC2)C1=O,18
Nc1c(C(=O)OCCCOC(F)(F)F)ccnc1Cl,19
O=C(CN1C[C@H]2CC[C@H]1[C@@H](O)C2)NCCc1nc2ccccc2s1,24
Cc1nc(CN2CCC(C)(NC(=O)CCNC(N)=O)CC2)oc1C,24
C[C@@H](C[C@@H](C)NC(=O)c1cnc2n1CCCC2)NCC#N,21
CNC1(CNC(=O)Cc2cccc(C(=O)O)c2)CCC1,20
CCOCC(=O)NCCN(CCO)C(=O)C[C@H]1CC(=O)NC1=O,23
CC(C)C[C@H](C)NC(=O)N1C[C@H](C)N(C)[C@H](C)C1,18
CO[C@H](CNCCNC(=O)C[C@@H](c1ccccc1)C(C)C)C1CCC1,25
Cn1c(C(=O)N2CC(CNC(=O)c3nc[nH]n3)C2)cnc1O,22
CCc1cc(N(C)CCN(C)C(=O)C(C)(C)C)nc(C)n1,21
Cc1ccc(NC(=O)COc2ccccc2O)cc1[N+](=O)[O-],22
Cn1ccc(C(=O)N2CCC[C@@H]2CNCc2nc(=O)n(C)[nH]2)cc1=O,25
COc1cc(NC[C@H]2CCO[C@@H]2C(C)C)c(F)cc1[N+](=O)[O-],22
COc1cccc(C[C@H](C)NC[C@@]2(C)CCOC2)c1,19
CCOC(=O)c1ccc(S(=O)(=O)NC[C@@H]2CCN2C)cc1,21
CN1CCC(CC(=O)NCCN(CCO)C(=O)C(N)=O)CC1,22
CCCN(CC(=O)OC(C)(C)C)C(=O)c1[nH]c(C)nc1C,21
N#CCNC(=O)CN1C[C@H]2[C@H](NC(=O)c3ccccc3)[C@H]2C1,22
CC(C)c1noc(CNC[C@@]2(C)CCN(C(=O)c3ccccn3)C2)n1,25
CC(C)Cc1c[nH]c(C(=O)NCC2CN(CCC3CCCC3)C2)c1,24
COc1c(F)cc(F)cc1NC(=O)N[C@@H]1CCC[C@@H]2C[C@@H]21,21
C[C@@H](CNC(=O)CC[C@@H]1CCOC1)NC(=O)CCn1cncn1,23
C[C@@H]1C[C@H]1C(=O)N1C[C@@H]2CCC[C@H](C1)N2Cc1ncc(C2CC2)o1,24
Cc1nc(CCNC(=S)NC2CCOCC2)cs1,18
C[C@H]1C[C@H](N2CCN(C(=O)OC(C)(C)C)[C@@H]3C[C@@H]32)C[C@@H](C)O1,22
C#CCCN[C@@H]1CCCN(C(=O)c2cnc3ccc(OC)nn23)C1,24
COC[C@@H](C)n1cc(C(=O)N[C@H]2C[C@H](CNC(C)=O)C2)c(C)n1,23
C[C@H](NC(=O)c1nnn(C)n1)[C@@H](C)Nc1cnc(C#N)cn1,22
O=C(CN1CCCC1=O)NC/C=C/CNCc1nc(O)n[nH]1,22
C[C@H]1CN(c2ccc3nccnc3n2)CC[C@@H]1NC(=O)C(N)=O,23
Cc1csc(=O)n1CCOC(=O)C[C@@H]1CC[C@H]2C[C@H]12,19
CCCN1C[C@@H]2CN(C(=O)C[C@H]3CCC(=O)NC3)C[C@]2(C)C1,22
C=C[C@@](C)(CCOC)C(=O)Nc1ccc(C#N)c(C)n1,20
O=C(/C=C\c1ccsc1)N[C@H](CCO)c1cccs1,19
C[C@H]1OCC[C@@]1(C)C(=O)N1CCCN(CCC(C)(C)C)CC1,22
Cc1ncc(C(=O)N2C[C@@H](NC(=O)C(F)F)C(C)(C)C2)s1,21
C=C[C@](C)(O)CC(=O)N1CCC[C@](CO)(NC(=O)CCOC)C1,23
CCN(CCN)C(=O)C(=O)N1CC[C@@H](NC(N)=O)C1,19
C[C@H](O)CN1CCC([C@@H]2CCCN(C(=O)C3C=CC=CC=C3)C2)CC1,25
CC1(CO)CCN(C(=O)CCc2nc(-c3nc[nH]n3)no2)CC1,23
C[C@@H](c1cc(F)ccc1F)N1CCCN(C(=O)C2(C)CC2)CC1,23
C[C@H](C(=O)N(C)C)N1C[C@@H]2CCN(C(=O)C(N)=O)[C@@H]2C1,20
NC(=O)CN1CCN([C@@H]2CCN(CCC(=O)O)C2=O)CC1=O,22
C[C@@H](CCNC(=O)COc1cccnc1)NC(=O)[C@@H]1CCC(=O)N1,24
NC(=O)CN1CCN(C(=O)[C@H]2CCCCN2C(N)=O)CC1,21
CC(C)C[C@H](C)NC(=O)/C=C\c1ccc(C(N)=O)cc1,20
O=C(c1cc(=O)n2[nH]cnc2n1)N1CC[C@@H](NCCOCC2CC2)C1,25
C[C@@H](CN(C)c1cc(F)ncn1)NC(=O)CN1C(=O)CN(C)C1=O,24
Cc1ccc(NC(=O)N2CC[C@]3(CCCN(C)C3)C2)cc1,21
O=C(O)c1cc(S(=O)(=O)N[C@@H]2CCCN3CCSC[C@H]23)on1,22
O=C(O)[C@H]1CCN(c2ccc([N+](=O)[O-])cc2F)C1,18
CN(C(=O)CN1C(=O)CNC1=O)C1CN(C(=O)[C@H]2CNC(=O)N2)C1,24
COc1cc(CCC(=O)NCc2ncnn2C(C)(C)C)on1,22
C[C@@H](CC(F)(F)F)NC(=O)Nc1cccc(C(N)=O)c1,20
CN(C[C@@H]1CCN(C(=O)CCCC(N)=O)C1)C(=O)Cc1cnn(C)c1,25
CC1CCN(C(=O)c2cccnc2-c2ccc3nccn3c2)CC1,24
O=C(NCC1CC=CC1)Nn1cnc2ccccc21,19
Cc1cc(CNC2CCC(N(C)C(=O)[C@@H]3CC=CCC3)CC2)on1,24
CCc1nnc(N2CCOC(C)(C)[C@@H]2C)n1C[C@@H]1CCC[C@H]1C,23
O=S(=O)(C[C@H]1CCCOC1)N1CCC[C@H](c2ccncc2)C1,22
Cc1ccccc1C(=O)N(C)CCNC(=O)C1(C)CCCC1,22
CC(C)(C)[C@@H]1C[C@H]1C(=O)NC[C@@H]1CCN(C(=O)C2=CCCC2)C1,23
C[C@@H]1[C@@H](N2CCOCC2)CCN1C(=O)c1ccc(C(F)F)cc1,23
C[C@H]1CC[C@H](NC(=O)C2=COCCO2)CN1C(=O)c1cccn1C,24
CNc1nccc(C(=O)N2CC[C@H](NC(N)=O)C2)c1[N+](=O)[O-],22
CCN(CCn1ccnc1)Cc1ccccc1-c1cncnc1,23
CCC(=O)N1CCC[C@H](C(=O)NC[C@H](O)CNCC(N)=O)C1,22
CC(C)=CCNC[C@H](NC(=O)C1CCCC1)C1CC1,19
Cc1ncccc1C(=O)N1CC[C@@]2(CCN([C@@H]3CCNC3=O)C2)C1,24
COC(=O)[C@H]1C[C@@H]1C(=O)N(CCNC(=O)CC1(C)CC1)C1CC1,23
O=C(N[C@@H]1CCN(C(=O)c2ncccc2O)C[C@@H]1O)c1cnccn1,25
CCc1noc(CC)c1CNC(=O)N1CCc2c(C)cccc21,23
N#Cc1ccc(O[C@H]2CC[C@@H](OCc3ccccc3)C2)cn1,22
CCC[C@H]1CCCCN1Cc1cnn(C)c1Cl,17
COc1ccnc(N2C[C@H](NC(=O)C3(F)CCCC3)C(C)(C)C2)n1,24
CNC(=O)[C@H]1CCCN(C(=O)C(=O)NCCCNc2ccccn2)C1,25
COc1cc(C)c(-c2nccnc2N(C)C)c(C)c1,19
CC[C@@H]1CCCN1C(=O)C(=O)N(C)CCN(C)c1nccnc1F,24
Cc1cc(CNC[C@@H](O)CNC(=O)c2cnc(C3CC3)s2)nn1C,24
Cc1cc(O)nc(CNC(=O)c2cc(-c3ccco3)[nH]n2)n1,22
NC(=O)CN[C@@H]1CN(C(=O)c2cnn[nH]2)C[C@H]1c1ccccc1,23
C[C@]1(O)CCOC[C@@H]1[C@@H]1CCCN1C(=O)c1c(F)ccc(F)c1F,24
CCN(CCNC(=O)c1ncc(C)cc1C)C(=O)[C@@H]1CCCC[C@@H]1C,25
CC(=O)NC1(C(=O)N[C@@H](C)CNC(=O)Cn2cccn2)CCCC1,24
COc1cccc2c1C[C@@H](N[C@H](c1ccc(C)cn1)C1CC1)CO2,24
C[C@H]1CN(CC2CC2)C[C@H]1C(=O)N1CCOCC1,18
CCCC[C@H](NC(=O)c1cc(F)c(C#N)c(F)c1)C(=O)O,21
CC(C)(C(=O)N[C@@H]1CN(CCOCCO)C[C@H]1O)S(C)(=O)=O,22
CSCC[C@H](CO)NC(=O)c1cc(N(C)C)nc2ccccc12,23
CCS(=O)(=O)CC(=O)NC1(C)CCN(C(=O)C[C@H](C)OC)CC1,23
O=C1NCc2ncc(-c3cccc4ccsc34)cc21,19
O=C(CNC(=O)N[C@@H](c1ccccc1)C1CCC1)NCC1CC1,23
CC[C@@H](Nc1ccc(CS(C)(=O)=O)cc1)c1ccncc1,21
CCCCn1ncc(C(=O)NC[C@H](O)c2ccccc2)c1CC,23
Cc1cc(CC(=O)N2CCN(CC(=O)NC(N)=O)CC2)n[nH]1,22
C[C@@H]1CCC[C@@](CNC(=O)N2CCOC[C@H]2c2ccco2)(N(C)C)C1,25
CCc1noc(CC)c1CC(=O)OCC[C@H]1CCCO1,20
Cc1ccc(CCC(=O)NCCCN[C@H](C)C(=O)N2CCCCC2)o1,25
Cc1nc(CC(=O)NC[C@@H](O)CN[C@H](C)C(=O)N(C)C(C)C)n[nH]1,24
C=CCCN1C[C@H]2CC[C@H]1CN2C(=O)[C@H](c1ccccc1)C1CC1,24
C[C@H](CNC(=O)[C@@H]1CCOC(=O)N1)c1nncn1C,19
CC[C@H](NCC1(NC(=O)C[C@H](C)OC)CCCC1)C(N)=O,21
COCCN1CCN(C(=O)/C=C\c2ccnn2C)CC1=O,21
CC[C@]1(NC(=O)c2ccc(COC)cc2)CCOC1,19
CCOC(=O)[C@H](F)C1CN(C(=O)C[C@H](CC)c2ccc(C)cc2)C1,24
C#CCN1CC[C@H](NC(=O)COCCN(C)C)[C@@H](O)C1,20
Cc1cccc([C@H](C)C(=O)NCC2(NCCF)CC2)c1,20
CC1(C)CCC[C@@](O)(CNC(=O)NCc2cccc(CO)c2)CC1,24
O=C(Nc1cccc2[nH]ccc12)N1CC[C@H]2NCC[C@H]2C1,21
COC(=O)[C@]1(C)C[C@@H](OC)CN1C[C@@H]1CC(C(=O)O)=C(C)O1,22
COc1cccc(C2=NO[C@@H](C(=O)NN3CCCC3=O)C2)c1,22
CS[C@@H]1CCC[C@H](NC(=O)N[C@H]2C[C@H](CO)C2)C1,18
c1cc(Nc2ccc(N3CCOCC3)cc2)n(CC2CCOCC2)n1,25
Cc1cccc(F)c1C(=O)NC[C@H]1CCCCN1CC[C@@H]1CCOC1,25
CNC(=O)CC(=O)NCC1(O)CN(C(=O)c2cnc(C)[nH]2)C1,22
CC(C)(C)N1CC[C@@H](N[C@@H]2CCCN(C(=O)Cc3nc[nH]n3)C2)C1=O,25
Cn1cc(C(=O)NNc2ccncc2)c(-c2ccccc2Cl)n1,23
Cc1nc(Cl)cc(N[C@@H](C)C[C@@H](C)NC(=O)Cc2ccc[nH]2)n1,23
CC(C)C(=O)N[C@H]1[C@@H]2CN(C(=O)CO[C@@H]3CCOC3)C[C@@H]21,21
CC[C@@H]1CCCC[C@H]1CNS(=O)(=O)c1cc(C)oc1C,20
Cc1cc(C#N)nc(N2CC[C@H](NC(=O)c3cccnc3)[C@@H](O)C2)n1,25
